Y,t
2002.11,1
1925.41,2
1929.28,3
1931.51,4
1983.83,5
2006.0699,6
1979.92,7
1971.36,8
1995.35,9
2016.64,10
2002.89,11
2004.02,12
1989.8101,13
1984.01,14
1929.2,15
1940.9,16
1932.78,17
1925.3101,18
1872.61,19
1919.84,20
1940.24,21
1940.21,22
1962.21,23
1961.4399,24
1961.3,25
1985.49,26
1944.5699,27
1951.65,28
1910.92,29
1914.88,30
1931.58,31
1912.12,32
1912.96,33
1854.85,34
1863.26,35
1875.16,36
1865.2,37
1837.7,38
1858.17,39
1883.5,40
1901.51,41
1905.09,42
1942.89,43
1918.4399,44
1869.33,45
1884.8101,46
1933.11,47
1923.98,48
1908.42,49
1874.6899,50
1920.28,51
2012.03,52
2020.3101,53
2009.53,54
2060.8999,55
2070.27,56
2107.1299,57
2107.28,58
2102.3101,59
2080.0801,60
2081.45,61
2053.05,62
2067.76,63
2077.97,64
2062.53,65
2052.52,66
2072.1499,67
2092.8701,68
2076.46,69
2071.22,70
2025.23,71
1988.4301,72
1872.55,73
1934.5,74
1990.04,75
1970.58,76
1980.36,77
1973.91,78
2039.6,79
2017.04,80
2022.6801,81
2005.55,82
2027.4,83
1997.09,84
1954.23,85
1946.65,86
1978.52,87
1967.01,88
1950.5,89
1910.79,90
1945.38,91
1963.59,92
2007.03,93
2025.96,94
2000.9399,95
1986.4,96
1944.65,97
1936.04,98
1898.9399,99
1933.85,100
1909.67,101
1904.98,102
1966.59,103
1964.4,104
2003.45,105
2042.79,106
2029.5,107
2015.98,108
2034.91,109
2021.5601,110
2015.03,111
1999.92,112
2032.58,113
2034.1899,114
2045.52,115
2026,116
2055.8401,117
2041.9399,118
2046.35,119
2009.13,120
1994.33,121
2013.47,122
2006.88,123
2013.08,124
1995.89,125
2012.83,126
2033.58,127
2001.71,128
2016.41,129
2047.1899,130
2042.65,131
2049.99,132
2066.79,133
2070.8601,134
2090.4399,135
2091.1399,136
2067.97,137
2051.76,138
2070.6101,139
2049.3101,140
2027.41,141
2041.51,142
2011.01,143
2007.29,144
1966.2,145
1981.36,146
1991.4301,147
1992.41,148
2011.8,149
2026.4,150
2049.1399,151
2054.1201,152
2040.55,153
2023.33,154
2039.51,155
2066.8999,156
2057.03,157
2050.9299,158
2073.4399,159
2067.48,160
2078.25,161
2076.3799,162
2087.3999,163
2090.6599,164
2088.1001,165
2098.72,166
2092.99,167
2083.48,168
2104.4299,169
2108.76,170
2089.77,171
2069.3999,172
2083.6799,173
2072.5801,174
2065.3401,175
2055.26,176
2059.77,177
2054.21,178
2033.3199,179
2003.8101,180
2025.17,181
2013.34,182
2010.21,183
2009.76,184
1996.3199,185
1979.92,186
1979.3101,187
2023.33,188
1993.33,189
1992.9399,190
1979.4399,191
1990.62,192
1993.7,193
1955.8199,194
1946.16,195
1925.41,196
1894.37,197
1846.08,198
1907.71,199
1908.34,200
1874.12,201
1863.35,202
1928.1,203
1939.4399,204
1937.86,205
1941.13,206
1895.03,207
1894.42,208
1915.55,209
1942.2,210
1984.91,211
1973.72,212
1983.73,213
1981.5,214
1989.1899,215
1988.8,216
1957.62,217
1945.24,218
1897.78,219
1877.51,220
1921.67,221
1931.4399,222
1907.2,223
1900.88,224
1866.01,225
1872.72,226
1838,227
1865,228
1875.01,229
1857.3,230
1865.89,231
1828.42,232
1828.8101,233
1842.36,234
1914.09,235
1879.58,236
1868.64,237
1905.29,238
1919.65,239
1907.1,240
1891.9301,241
1865.45,242
1825.42,243
1840.1801,244
1816.36,245
1759.62,246
1773.71,247
1817,248
1829.83,249
1849.34,250
1856.76,251
1837.37,252
1785.86,253
1875.5601,254
1855.8199,255
1807.13,256
1804.04,257
1810.98,258
1828.5,259
1847.37,260
1835.54,261
1847.13,262
1851.16,263
1876.9399,264
1869.38,265
1869.89,266
1894.25,267
1899.71,268
1890.27,269
1886.8,270
1899.75,271
1913.13,272
1902.55,273
1913.11,274
1879.6899,275
1886.48,276
1883.72,277
1868.29,278
1856.66,279
1831.96,280
1853.65,281
1837.77,282
1834.1,283
1849.15,284
1814.22,285
1782.75,286
1749.86,287
1746.5,288
1736.8199,289
1767.29,290
1753.88,291
1729.08,292
1730.92,293
1721.09,294
1731.42,295
1748.74,296
1760.36,297
1764.39,298
1720.71,299
1646.42,300
1671.1899,301
1628.02,302
1637.61,303
1605.48,304
1633.8101,305
1594.5,306
1565.98,307
1559.65,308
1590.7,309
1608.65,310
1649.79,311
1609.67,312
1602.26,313
1619.54,314
1599.36,315
1544.35,316
1540.17,317
1607.46,318
1575.71,319
1588.5,320
1631.6899,321
1628.23,322
1652.83,323
1647.5,324
1664.4399,325
1729.26,326
1750.98,327
1736.02,328
1710.01,329
1689.23,330
1716.17,331
1724.38,332
1750.3199,333
1745.39,334
1769.12,335
1770.66,336
1744.54,337
1769.78,338
1765.49,339
1762.41,340
1754.72,341
1754.46,342
1741.33,343
1746.01,344
1746.75,345
1796.72,346
1801.63,347
1806.83,348
1836.02,349
1831.2,350
1802.84,351
1808.64,352
1787.28,353
1773.46,354
1746.11,355
1757.09,356
1763.87,357
1772.92,358
1795.96,359
1777.25,360
1786.99,361
1770.21,362
1755.4301,363
1757.48,364
1737.9399,365
1707.5601,366
1699.85,367
1691.59,368
1697.41,369
1712.26,370
1731.75,371
1715.39,372
1705.9399,373
1703.37,374
1695.61,375
1716.8101,376
1714.3199,377
1731.53,378
1728.65,379
1707.6801,380
1667.9,381
1679.4,382
1655.3101,383
1653.54,384
1692.73,385
1703.3101,386
1684.77,387
1701.5699,388
1692.27,389
1702.52,390
1696.67,391
1668.9,392
1641.76,393
1668.16,394
1685.62,395
1689.79,396
1688.03,397
1697.45,398
1704.24,399
1711.17,400
1702.4301,401
1683.03,402
1688.6,403
1659.58,404
1659.76,405
1669.21,406
1670.96,407
1664.61,408
1652.71,409
1657.88,410
1630.35,411
1643.59,412
1623.74,413
1635.16,414
1630.67,415
1662.74,416
1654.72,417
1629.91,418
1612.05,419
1584.77,420
1591.1801,421
1590.29,422
1588.9301,423
1553.41,424
1524.47,425
1533.98,426
1459,427
1450.54,428
1427.25,429
1382.9301,430
1356.61,431
1409.5,432
1421.91,433
1415.01,434
1431.29,435
1462.6899,436
1459.33,437
1477.29,438
1507.03,439
1503.3101,440
1506.11,441
1493.54,442
1485.63,443
1519.77,444
1542.98,445
1534.86,446
1532.52,447
1543.15,448
1514.5,449
1502.61,450
1509.46,451
1532.55,452
1525.35,453
1525.96,454
1546.9,455
1553.26,456
1516.39,457
1490.4399,458
1490.58,459
1524.96,460
1529.35,461
1551.39,462
1573.9301,463
1570.16,464
1574.09,465
1576.61,466
1573.8199,467
1603.28,468
1606.64,469
1608.09,470
1603.17,471
1620.66,472
1608.9,473
1601.02,474
1619.78,475
1629.76,476
1618.62,477
1589.38,478
1605.99,479
1604.92,480
1591.48,481
1612.47,482
1649,483
1644.48,484
1632.1,485
1606.23,486
1601.76,487
1602.45,488
1577.58,489
1582.8101,490
1598.74,491
1610.83,492
1620.27,493
1606.92,494
1613.9399,495
1613.6,496
1620.26,497
1631.6899,498
1637.23,499
1618.98,500
1628.51,501
1643.48,502
1653.6899,503
1642.95,504
1637.48,505
1629.7,506
1631.72,507
1616.35,508
1606.2,509
1617.1801,510
1591.04,511
1607.02,512
1591.08,513
1579.41,514
1591.9399,515
1597.55,516
1599.14,517
1598.86,518
1553.23,519
1571.6899,520
1595.35,521
1584.0601,522
1544.89,523
1538.7,524
1529.6801,525
1525.26,526
1547.9399,527
1570.21,528
1563.95,529
1580.03,530
1577.29,531
1559.98,532
1530.58,533
1551.37,534
1527.34,535
1539.91,536
1567.59,537
1567.65,538
1569.01,539
1564.59,540
1600.02,541
1631.25,542
1620.37,543
1644.2,544
1636.86,545
1646.4399,546
1652.04,547
1648.28,548
1632.46,549
1631,550
1649.5601,551
1648.73,552
1655.4399,553
1629.4301,554
1631.9301,555
1625.02,556
1601.21,557
1610.8101,558
1619.45,559
1623.4301,560
1622.23,561
1608.39,562
1592.6,563
1593.96,564
1588.88,565
1592.88,566
1582.36,567
1600.36,568
1562.52,569
1572.89,570
1560.92,571
1597.48,572
1594.3199,573
1592.08,574
1593.0699,575
1568.52,576
1558.79,577
1547.74,578
1545.4,579
1524.08,580
1508.75,581
1525,582
1538.65,583
1536.16,584
1520.4399,585
1491.05,586
1486.5699,587
1542.53,588
1520.39,589
1494.87,590
1522.8,591
1555.04,592
1546.73,593
1556.9301,594
1569.17,595
1548.3101,596
1531.3199,597
1540.12,598
1555.8199,599
1537.02,600
1523.89,601
1514.33,602
1510.25,603
1513.77,604
1476.26,605
1476.28,606
1489.88,607
1460.5,608
1458.21,609
1462.78,610
1438.47,611
1448.16,612
1433.01,613
1429.78,614
1470.84,615
1472.25,616
1447.98,617
1428.55,618
1404.21,619
1409.3,620
1385.77,621
1382.78,622
1407.11,623
1405.9399,624
1375.88,625
1346.96,626
1355.4,627
1405.2,628
1388.4399,629
1354.23,630
1308.3,631
1318.1801,632
1309.6801,633
1304.76,634
1280.78,635
1287.98,636
1253.21,637
1205.16,638
1165.48,639
1133.99,640
1199.01,641
1192.28,642
1212.41,643
1278.1,644
1283.62,645
1296.34,646
1258.22,647
1229.1899,648
1187.0699,649
1222.59,650
1247.28,651
1288.12,652
1292.9399,653
1286.09,654
1258.36,655
1309.04,656
1324.3199,657
1322.36,658
1353.63,659
1334.7,660
1351.8199,661
1370.85,662
1339.79,663
1349.88,664
1331.2,665
1307.28,666
1307.28,667
1304.86,668
1250.6801,669
1273.03,670
1252.77,671
1273.88,672
1286.79,673
1296.23,674
1296.25,675
1264.42,676
1268.5699,677
1270.45,678
1245.39,679
1239.7,680
1202.47,681
1205.42,682
1188.76,683
1168.22,684
1197.5601,685
1219.6,686
1180.28,687
1163.04,688
1209.59,689
1181.3199,690
1168.5699,691
1142.36,692
1120.52,693
1139.9,694
1108.91,695
1147.8,696
1192.63,697
1201.37,698
1258.24,699
1228.01,700
1255.42,701
1262.84,702
1284.73,703
1271.08,704
1279.63,705
1260.17,706
1281.8101,707
1271.2,708
1259.79,709
1272.25,710
1265.41,711
1287.13,712
1297.6899,713
1307.8,714
1320.04,715
1290.15,716
1278.9399,717
1252.42,718
1262.14,719
1261.97,720
1293.21,721
1301.28,722
1287.79,723
1282.61,724
1307.61,725
1335.75,726
1331.17,727
1334.52,728
1306.79,729
1343.47,730
1339.89,731
1337.35,732
1317.65,733
1313.54,734
1297.8,735
1305.99,736
1277.05,737
1294.91,738
1295.91,739
1291.16,740
1273.83,741
1303.85,742
1293.26,743
1276.36,744
1266.79,745
1283.26,746
1285.6,747
1278.58,748
1274.5601,749
1254.66,750
1260.42,751
1261.1801,752
1303.17,753
1302.55,754
1331.8199,755
1323.17,756
1304.95,757
1330.3101,758
1330.29,759
1328.5,760
1336.25,761
1317.1801,762
1312.01,763
1293.63,764
1273.3101,765
1260.16,766
1273.04,767
1235.84,768
1215.86,769
1231.74,770
1240.3101,771
1212.23,772
1228.14,773
1234.79,774
1217.4,775
1211.04,776
1203.58,777
1191.46,778
1200.51,779
1190.83,780
1176.15,781
1174.4301,782
1199.61,783
1223.11,784
1214.66,785
1203.1801,786
1219.1,787
1196.71,788
1205.3199,789
1189.98,790
1204.11,791
1209.71,792
1200.6,793
1182.17,794
1193.87,795
1182.8199,796
1192.62,797
1161.85,798
1152.15,799
1157.61,800
1197.5601,801
1199.55,802
1242.09,803
1247.4,804
1258.37,805
1260.77,806
1289.74,807
1244.3101,808
1259.4399,809
1252.59,810
1250.71,811
1243.51,812
1221.46,813
1236.3,814
1268.8199,815
1262.4301,816
1265.9,817
1267.49,818
1265.5699,819
1247.99,820
1256.04,821
1251.41,822
1275.8199,823
1283.96,824
1268.28,825
1287.99,826
1285.72,827
1313.63,828
1324.6801,829
1313.75,830
1295.5699,831
1318.85,832
1323.26,833
1322.0699,834
1321.39,835
1341.28,836
1336.24,837
1347.54,838
1340.87,839
1327.42,840
1346.6801,841
1363.61,842
1359.74,843
1355.76,844
1366.59,845
1363.3199,846
1329.38,847
1327.87,848
1333.33,849
1345.53,850
1347.49,851
1373.86,852
1376.58,853
1371.51,854
1391.72,855
1396.7,856
1403.29,857
1424.91,858
1430.64,859
1427.28,860
1410.21,861
1423.11,862
1441.86,863
1443.41,864
1429.11,865
1461.15,866
1462.48,867
1460.3199,868
1438.09,869
1439.54,870
1419.24,871
1421.86,872
1410.1,873
1425.8199,874
1411.97,875
1409.48,876
1421.03,877
1437.61,878
1425.97,879
1453.0699,880
1458.51,881
1450.51,882
1430.96,883
1444.7,884
1453,885
1448.02,886
1438.86,887
1421.11,888
1437.89,889
1416.88,890
1430.35,891
1431.1,892
1420.96,893
1445.7,894
1442.58,895
1432.3101,896
1429.91,897
1434.33,898
1419.64,899
1423.51,900
1398.42,901
1401.01,902
1411.27,903
1416.3,904
1421.01,905
1435.17,906
1426.55,907
1435.96,908
1436.4301,909
1449.65,910
1453.45,911
1450.61,912
1454.98,913
1440.17,914
1441.11,915
1445.51,916
1445.84,917
1454.7,918
1462.3,919
1482.61,920
1489.25,921
1491.77,922
1482.24,923
1497.22,924
1484.9301,925
1467.29,926
1475.72,927
1478.9399,928
1473.4301,929
1494.5,930
1489.7,931
1509.47,932
1504.74,933
1485.16,934
1494.1899,935
1465.66,936
1457.09,937
1448.03,938
1462.2,939
1446.77,940
1479.23,941
1482.36,942
1496.3199,943
1502.86,944
1510.05,945
1502.65,946
1509.86,947
1509,948
1519.6,949
1525.6,950
1521.95,951
1526.8,952
1511.1801,953
1518.97,954
1520.9301,955
1498.28,956
1503.26,957
1496.2,958
1499.4301,959
1522.21,960
1524.41,961
1523.12,962
1528.62,963
1540.71,964
1532.34,965
1530.54,966
1539.75,967
1533.02,968
1524.26,969
1523.47,970
1541.49,971
1541.3,972
1529.84,973
1520.0699,974
1506.3199,975
1518.51,976
1505.76,977
1508.21,978
1532.6899,979
1535.49,980
1542.39,981
1542.0699,982
1559.5,983
1554.42,984
1552.09,985
1559.47,986
1547.52,987
1558.96,988
1545.6801,989
1544.3101,990
1562.23,991
1566.5,992
1557.66,993
1568.02,994
1570.15,995
1588.9,996
1588.1899,997
1594.4301,998
1598.9301,999
1596.05,1000
1598.75,1001
1619.16,1002
1619.59,1003
1622.9399,1004
1618.05,1005
1638.1,1006
1640.3101,1007
1644.6,1008
1652.83,1009
1638.14,1010
1646.03,1011
1637.33,1012
1650.96,1013
1653.21,1014
1664.5699,1015
1663.03,1016
1676.0699,1017
1670.73,1018
1667.26,1019
1687.4399,1020
1670.91,1021
1648.4399,1022
1657.09,1023
1652.73,1024
1658.79,1025
1659.92,1026
1646.29,1027
1649.35,1028
1670.14,1029
1666.16,1030
1674.55,1031
1693.03,1032
1684.92,1033
1675.86,1034
1692.22,1035
1684.9,1036
1678.01,1037
1673.71,1038
1669.2,1039
1666.42,1040
1673.34,1041
1675.63,1042
1675.7,1043
1691.9,1044
1681.88,1045
1685.17,1046
1690.83,1047
1693.76,1048
1679.74,1049
1670.0699,1050
1645.79,1051
1621.21,1052
1641.42,1053
1617.91,1054
1627.03,1055
1646.29,1056
1644.21,1057
1625.84,1058
1604.8,1059
1602.67,1060
1598.85,1061
1625.01,1062
1623.36,1063
1644.75,1064
1651.4301,1065
1650.42,1066
1659.16,1067
1673.41,1068
1686.24,1069
1683.23,1070
1672.14,1071
1670.36,1072
1679.02,1073
1655.99,1074
1654.17,1075
1655.15,1076
1663.62,1077
1665.4,1078
1639.49,1079
1648.3101,1080
1671.63,1081
1672.62,1082
1665.2,1083
1668.99,1084
1646.2,1085
1634.16,1086
1624.51,1087
1639.46,1088
1642.5,1089
1645.65,1090
1634.75,1091
1612.3101,1092
1595.38,1093
1607.9399,1094
1611.15,1095
1610.05,1096
1609.12,1097
1592.23,1098
1603.14,1099
1599.29,1100
1600.0601,1101
1606.49,1102
1609.22,1103
1635.14,1104
1638.16,1105
1647.65,1106
1646.8,1107
1647.5699,1108
1653.67,1109
1641.4301,1110
1650.08,1111
1676.48,1112
1679.21,1113
1663.38,1114
1671.02,1115
1655,1116
1664.92,1117
1667.23,1118
1665.02,1119
1669.39,1120
1662.46,1121
1668.55,1122
1682.75,1123
1678.0699,1124
1668.9301,1125
1667.61,1126
1671.84,1127
1678.83,1128
1661.53,1129
1656.33,1130
1642.84,1131
1646.36,1132
1632.89,1133
1638.42,1134
1640.73,1135
1641.96,1136
1636.62,1137
1629.58,1138
1621.8101,1139
1621.09,1140
1632.52,1141
1610.88,1142
1615.27,1143
1599.62,1144
1596.48,1145
1612.33,1146
1613.5,1147
1621.35,1148
1623.26,1149
1630.48,1150
1620.28,1151
1619,1152
1592.64,1153
1568.0699,1154
1569.96,1155
1590.35,1156
1586.4301,1157
1567.95,1158
1570.4399,1159
1591.9399,1160
1595.5699,1161
1615.72,1162
1609.97,1163
1620.47,1164
1616.6801,1165
1617.46,1166
1630.49,1167
1630.6801,1168
1634.83,1169
1622.28,1170
1629.83,1171
1632.8199,1172
1651.14,1173
1644.25,1174
1655.65,1175
1648.52,1176
1651.65,1177
1659.84,1178
1663.1,1179
1666.8199,1180
1655.1,1181
1659.78,1182
1667.25,1183
1657.88,1184
1668.39,1185
1645.17,1186
1637.8199,1187
1640.4,1188
1630.67,1189
1640.62,1190
1647.79,1191
1647.48,1192
1672.49,1193
1678.1,1194
1677.09,1195
1688.83,1196
1672.08,1197
1659.51,1198
1662.84,1199
1659.0699,1200
1647.13,1201
1631.8101,1202
1639.08,1203
1647.7,1204
1631.74,1205
1632.49,1206
1636.76,1207
1620.85,1208
1619.48,1209
1643.5699,1210
1665.01,1211
1668.55,1212
1672.65,1213
1673.11,1214
1673.16,1215
1692.22,1216
1719.64,1217
1726.34,1218
1724.59,1219
1724.08,1220
1722.67,1221
1738.3199,1222
1754.33,1223
1753.99,1224
1741.72,1225
1751.5699,1226
1753.97,1227
1734.45,1228
1744.71,1229
1744.3101,1230
1751.55,1231
1753.09,1232
1747.34,1233
1740.33,1234
1766.9,1235
1765.37,1236
1766.63,1237
1765.33,1238
1745.84,1239
1754.75,1240
1764.35,1241
1762.51,1242
1778.54,1243
1785.51,1244
1789.14,1245
1785.51,1246
1772.1899,1247
1772.87,1248
1788.9301,1249
1795.66,1250
1796.49,1251
1788.76,1252
1801.58,1253
1801.71,1254
1801.98,1255
1799.55,1256
1784.96,1257
1764.3,1258
1758.0699,1259
1764.63,1260
1762.12,1261
1768.17,1262
1757.51,1263
1764.72,1264
1749.48,1265
1759.98,1266
1777.04,1267
1760.28,1268
1746.61,1269
1735.4301,1270
1729.33,1271
1736.25,1272
1744.72,1273
1745.58,1274
1740.96,1275
1755.6801,1276
1767.79,1277
1773.63,1278
1769.26,1279
1788.8199,1280
1786.92,1281
1788.16,1282
1773.28,1283
1780.8,1284
1793.54,1285
1794.98,1286
1801.0601,1287
1801.59,1288
1787.41,1289
1788.65,1290
1762.76,1291
1772.76,1292
1787.34,1293
1804.17,1294
1792.63,1295
1802.79,1296
1802.92,1297
1803.51,1298
1820.88,1299
1825.7,1300
1817.12,1301
1798.79,1302
1802.2,1303
1789.01,1304
1799.14,1305
1785.61,1306
1771.35,1307
1774.55,1308
1773.72,1309
1764.98,1310
1747.03,1311
1748.28,1312
1746.62,1313
1750.89,1314
1737.9399,1315
1762.09,1316
1760.89,1317
1749.45,1318
1754.4301,1319
1762.3199,1320
1766.6899,1321
1777.35,1322
1762.52,1323
1762.5601,1324
1772.4399,1325
1751.77,1326
1734.25,1327
1705.26,1328
1710.27,1329
1720.4301,1330
1697.74,1331
1731.27,1332
1719.66,1333
1734.5601,1334
1719.09,1335
1726.21,1336
1707.13,1337
1727.49,1338
1735.4301,1339
1733.95,1340
1755.92,1341
1751.47,1342
1749.65,1343
1760.87,1344
1742.0601,1345
1750.26,1346
1732.89,1347
1725.15,1348
1742.74,1349
1755.1,1350
1773.01,1351
1781.28,1352
1778.59,1353
1785.46,1354
1785.8,1355
1779.8101,1356
1791.41,1357
1793.34,1358
1782.46,1359
1799.15,1360
1802.1899,1361
1789.83,1362
1792.14,1363
1791.89,1364
1788.3,1365
1797.72,1366
1793.51,1367
1798.0699,1368
1802.73,1369
1806.78,1370
1813.35,1371
1822.35,1372
1821.0601,1373
1817.36,1374
1817.8,1375
1798.49,1376
1784.77,1377
1783.45,1378
1800.0699,1379
1797.73,1380
1784.99,1381
1789.85,1382
1805.6801,1383
1791.05,1384
1795.55,1385
1816.52,1386
1827.91,1387
1832.15,1388
1833.98,1389
1838.8,1390
1840.9301,1391
1830.75,1392
1843.0699,1393
1852.02,1394
1839.8,1395
1849.8101,1396
1842.85,1397
1846.04,1398
1854.72,1399
1865.64,1400
1851.37,1401
1853.13,1402
1866.28,1403
1868.0601,1404
1854.3,1405
1840.1899,1406
1835.37,1407
1847.76,1408
1845.16,1409
1858.4301,1410
1847.3101,1411
1852.78,1412
1830.99,1413
1832.8199,1414
1831.09,1415
1832.29,1416
1835.3199,1417
1829.11,1418
1817.22,1419
1821.46,1420
1810.52,1421
1821.5601,1422
1815.97,1423
1834.48,1424
1836.37,1425
1831.0601,1426
1854.23,1427
1859,1428
1852,1429
1866.74,1430
1865.45,1431
1851.87,1432
1845.84,1433
1846.76,1434
1862.11,1435
1851.74,1436
1837.2,1437
1820.49,1438
1827.54,1439
1828.54,1440
1829.05,1441
1829.13,1442
1831.3199,1443
1847.62,1444
1849.33,1445
1846.17,1446
1827.96,1447
1801.4,1448
1794.04,1449
1800.71,1450
1787.8,1451
1784.22,1452
1773.6,1453
1772.36,1454
1787.01,1455
1792.33,1456
1774.3199,1457
1801.01,1458
1774.02,1459
1776.73,1460
1806.59,1461
1802.3,1462
1794.5601,1463
1776.01,1464
1805.5601,1465
1818.5,1466
1812.11,1467
1830.4301,1468
1838.86,1469
1839.16,1470
1843.27,1471
1837.8,1472
1841,1473
1856.9,1474
1862.5601,1475
1861.25,1476
1854.28,1477
1857.97,1478
1875.49,1479
1883.99,1480
1893.9301,1481
1903.66,1482
1910.39,1483
1914.41,1484
1898.37,1485
1898.74,1486
1887.28,1487
1910.23,1488
1910.86,1489
1906.42,1490
1908.89,1491
1899.6899,1492
1897.5699,1493
1902.92,1494
1904.59,1495
1915.3,1496
1923.4399,1497
1920.85,1498
1915.4,1499
1904.21,1500
1903.8101,1501
1908.65,1502
1917.16,1503
1918.25,1504
1899.9301,1505
1902.74,1506
1897.2,1507
1887.9399,1508
1918.96,1509
1926.39,1510
1926.4399,1511
1945.02,1512
1952.13,1513
1951.53,1514
1958.5601,1515
1946.28,1516
1948.64,1517
1941.5699,1518
1934.21,1519
1944.98,1520
1909.35,1521
1912.91,1522
1917.54,1523
1914.28,1524
1928.17,1525
1943.34,1526
1945.66,1527
1937.9301,1528
1941.75,1529
1924.67,1530
1914.5,1531
1916.04,1532
1900.58,1533
1917.84,1534
1915.1,1535
1920,1536
1914.02,1537
1933.46,1538
1940.6899,1539
1955.0601,1540
1951.83,1541
1945.45,1542
1960.26,1543
1953.37,1544
1956.14,1545
1963.58,1546
1943.1899,1547
1959.77,1548
1956.6,1549
1953.74,1550
1940.2,1551
1936.6801,1552
1941.17,1553
1931.73,1554
1945.9301,1555
1950.39,1556
1970.66,1557
1979.21,1558
1982.76,1559
1985.6899,1560
1982.4,1561
1970.5,1562
1982.4,1563
1977.29,1564
1979.24,1565
1977.1899,1566
1964.47,1567
1979.51,1568
1975.6,1569
1967.38,1570
1971.9301,1571
1984.47,1572
1993.21,1573
1989.87,1574
1969.3,1575
1971.03,1576
1956.12,1577
1958.49,1578
1960.01,1579
1954.25,1580
1988.1801,1581
1991.84,1582
1994.23,1583
1993.99,1584
1989.2,1585
1979.51,1586
1985.29,1587
1992.39,1588
1993.79,1589
1985.55,1590
1997.75,1591
1989.97,1592
1996.74,1593
2017.34,1594
2015.84,1595
2016.6,1596
2013.99,1597
1988.5601,1598
1966.27,1599
1971.45,1600
1967.79,1601
1935.1801,1602
1922.3199,1603
1930.27,1604
1922.72,1605
1914.38,1606
1917.48,1607
1939.52,1608
1950.87,1609
1920.09,1610
1936.41,1611
1960.28,1612
1964.11,1613
1929.23,1614
1927.13,1615
1915.77,1616
1918.59,1617
1910.01,1618
1885.8101,1619
1866.92,1620
1876.67,1621
1916.5601,1622
1909.52,1623
1892.12,1624
1892.13,1625
1910.62,1626
1900.98,1627
1899.3199,1628
1908.5601,1629
1891.24,1630
1901.98,1631
1943.09,1632
1939.03,1633
1954.49,1634
1940.55,1635
1945.9,1636
1932.75,1637
1935.62,1638
1943.66,1639
1922.62,1640
1897.73,1641
1888.4301,1642
1885.8199,1643
1889.48,1644
1924.74,1645
1908.42,1646
1894.9399,1647
1926.5,1648
1938.6801,1649
1937.96,1650
1930.3199,1651
1953.86,1652
1951,1653
1942.22,1654
1954.1801,1655
1957.41,1656
1956.05,1657
1950.63,1658
1944.22,1659
1936.3,1660
1945.61,1661
1938.13,1662
1940.5,1663
1967.26,1664
1982.8101,1665
1986.04,1666
1993.4301,1667
1986.11,1668
1988.1,1669
1979.35,1670
1984.09,1671
1982.8101,1672
1993.0601,1673
1997.21,1674
1998.08,1675
1997.42,1676
2008.47,1677
2012,1678
1992.42,1679
1982.9301,1680
1990.4399,1681
1991.49,1682
2012.3199,1683
2020.49,1684
2017.86,1685
2023.35,1686
2025.39,1687
2021.01,1688
2031.59,1689
2021.08,1690
2016.09,1691
2033.87,1692
2049.2,1693
2049.97,1694
2053.9299,1695
2048.8899,1696
2041.99,1697
2046.28,1698
2071.45,1699
2076.6299,1700
2071.05,1701
2072.71,1702
2077.01,1703
2071.8999,1704
2091.6899,1705
2095.97,1706
2101.27,1707
2093.5801,1708
2096.71,1709
2098.3201,1710
2100.8601,1711
2113.8201,1712
2114.3601,1713
2121.8401,1714
2132.3899,1715
2114.6499,1716
2115.6299,1717
2115.6499,1718
2100.3701,1719
2100.21,1720
2095.6799,1721
2119.53,1722
2124.28,1723
2129.22,1724
2118.3201,1725
2122.26,1726
2128.1699,1727
2141.95,1728
2147.6001,1729
2152.5701,1730
2154.8,1731
2153.76,1732
2157.4199,1733
2162.6499,1734
2154.96,1735
2125.6699,1736
2133.52,1737
2154.0901,1738
2155.8899,1739
2149.8501,1740
2169,1741
2177.75,1742
2175.45,1743
2166.8701,1744
2170.8401,1745
2175.8,1746
2173.5801,1747
2176.52,1748
2195.5901,1749
2198.0701,1750
2190.97,1751
2195.8,1752
2192.76,1753
2185.21,1754
2173.8999,1755
2183.3799,1756
2199.1499,1757
2196,1758
2186.1299,1759
2183.9199,1760
2186.6001,1761
2173.29,1762
2178.8,1763
2177.6799,1764
2182.1599,1765
2196.02,1766
2206.6799,1767
2208.48,1768
2206.7,1769
2200.2,1770
2206.6001,1771
2195,1772
2202.77,1773
2221.5601,1774
2196.54,1775
2193.8899,1776
2191.71,1777
2204.3999,1778
2219.1899,1779
2231.6101,1780
2235.3899,1781
2233.4399,1782
2235.02,1783
2239.05,1784
2236.46,1785
2220.72,1786
2213.5801,1787
2230.8,1788
2248.3999,1789
2250.97,1790
2249.0701,1791
2255.48,1792
2252.4299,1793
2251.03,1794
2243.26,1795
2240.73,1796
2163.1101,1797
2175.78,1798
2170.1699,1799
2145.4299,1800
2125.3401,1801
2158.3601,1802
2153.6499,1803
2169.1399,1804
2170.6201,1805
2176.5,1806
2132.76,1807
2147.1799,1808
2155.1799,1809
2146.9299,1810
2170.3301,1811
2184.1001,1812
2221.46,1813
2220.6799,1814
2223.1201,1815
2225.26,1816
2211.52,1817
2194.3799,1818
2202.6799,1819
2200.1201,1820
2205.8501,1821
2226.76,1822
2229.26,1823
2236.71,1824
2238.03,1825
2243.9299,1826
2229.4399,1827
2243.3,1828
2251.1201,1829
2275.3501,1830
2280.01,1831
2281.6101,1832
2278.9099,1833
2300.0801,1834
2294.8301,1835
2294.02,1836
2317.5,1837
2315.9099,1838
2315.7,1839
2297.5801,1840
2303.6799,1841
2318.8401,1842
2329.54,1843
2334.6101,1844
2340.6799,1845
2338.1399,1846
2346.3,1847
2313.9399,1848
2336.48,1849
2332.4299,1850
2329.6101,1851
2350.3999,1852
2348.4399,1853
2363.97,1854
2367.6299,1855
2366.1001,1856
2363.29,1857
2340.6399,1858
2353.4199,1859
2357.3899,1860
2377.0901,1861
2377.75,1862
2386.6299,1863
2391.1299,1864
2378.4399,1865
2357.95,1866
2316.6299,1867
2342.98,1868
2345.27,1869
2320.22,1870
2356.02,1871
2367.52,1872
2382.97,1873
2380.0901,1874
2384.26,1875
2351.8701,1876
2366.9199,1877
2336.4099,1878
2328.9099,1879
2321.46,1880
2342.8401,1881
2341.8999,1882
2338.25,1883
2363.28,1884
2372.22,1885
2373.0701,1886
2381.5901,1887
2383.8,1888
2349.98,1889
2363.72,1890
2408.79,1891
2416.28,1892
2411.6499,1893
2411.4099,1894
2406.6899,1895
2417.5,1896
2387.96,1897
2399.6399,1898
2352.1201,1899
2363.1201,1900
2307.98,1901
2271.4099,1902
2294.75,1903
2265.75,1904
2282.3,1905
2292.79,1906
2231.98,1907
2285.9299,1908
2300.1001,1909
2333.24,1910
2264.5,1911
2265.3601,1912
2264.5801,1913
2223.71,1914
2193.3999,1915
2200.6101,1916
2254.6799,1917
2254.0701,1918
2256.53,1919
2283.0901,1920
2280.6799,1921
2307.22,1922
2287.6201,1923
2234.03,1924
2283.5801,1925
2274.1599,1926
2299.71,1927
2323.8301,1928
2298.1599,1929
2308.3501,1930
2269.3201,1931
2266.51,1932
2297.4099,1933
2298.1399,1934
2317.6299,1935
2318.1101,1936
2306.25,1937
2373.6299,1938
2388.1499,1939
2372.6101,1940
2383.5601,1941
2371.03,1942
2370.27,1943
2383.53,1944
2392.9199,1945
2385.72,1946
2417.4399,1947
2416.8301,1948
2406.3101,1949
2411.4099,1950
2435.1599,1951
2427.3301,1952
2447.03,1953
2443.02,1954
2430.55,1955
2442.1201,1956
2421.6699,1957
2405.76,1958
2410.22,1959
2408.46,1960
2346.78,1961
2355.74,1962
2376.48,1963
2370.71,1964
2368.4299,1965
2401.0701,1966
2410.3301,1967
2394.8101,1968
2423.6699,1969
2360.21,1970
2362.21,1971
2350.6899,1972
2379.05,1973
2310.4099,1974
2309.1799,1975
2276.26,1976
2253.53,1977
2319.8601,1978
2304.0601,1979
2273.73,1980
2285.6699,1981
2245.8101,1982
2256.02,1983
2220.21,1984
2257.95,1985
2205.49,1986
2238.52,1987
2303.1699,1988
2304.4299,1989
2322.3401,1990
2308.74,1991
2293.6499,1992
2329.71,1993
2364.97,1994
2360.79,1995
2378.6001,1996
2318.52,1997
2332.8501,1998
2335.79,1999
2303.79,2000
2269.24,2001
2283.5,2002
2280.47,2003
2292.23,2004
2330.8101,2005
2349.6599,2006
2351.6001,2007
2318.72,2008
2322.1101,2009
2306.23,2010
2273.4099,2011
2273.4099,2012
2217.5901,2013
2224.76,2014
2184.6699,2015
2214.6001,2016
2232.25,2017
2202.03,2018
2225.98,2019
2170.51,2020
2158.5801,2021
2095.8601,2022
2083.24,2023
2060.1499,2024
2104.3701,2025
2125.6101,2026
2091.8799,2027
2128.6399,2028
2141.8501,2029
2131.79,2030
2167.8999,2031
2194.4299,2032
2171.51,2033
2102.23,2034
2087.05,2035
2104.02,2036
2095.21,2037
2107.6499,2038
2123.0601,2039
2152.76,2040
2123.9399,2041
2125.8501,2042
2124.1201,2043
2141.95,2044
2115.1299,2045
2132.02,2046
2161.51,2047
2176.48,2048
2175,2049
2155.8101,2050
2097.48,2051
2098.6399,2052
2091.4199,2053
2103.4199,2054
2057.4399,2055
2040.17,2056
2008.71,2057
2083.3601,2058
2065.21,2059
2075.8799,2060
2032.79,2061
2014.88,2062
2100.3799,2063
2049.3999,2064
2098.46,2065
2130.6201,2066
2135.54,2067
2116.9299,2068
2093.1101,2069
2076.5601,2070
2088.4199,2071
2163.3799,2072
2159.6299,2073
2162.46,2074
2164.21,2075
2167.6101,2076
2157.28,2077
2139.99,2078
2149.6699,2079
2106.01,2080
2098.9199,2081
2108.5901,2082
2156.6699,2083
2158.0801,2084
2197.24,2085
2193.8701,2086
2174.5901,2087
2180.9099,2088
2194.96,2089
2209.25,2090
2207.02,2091
2198.5,2092
2190.1299,2093
2228.0901,2094
2235.3,2095
2225.3701,2096
2242.47,2097
2202.77,2098
2210.95,2099
2196.54,2100
2220.8101,2101
2220.46,2102
2229.74,2103
2253.76,2104
2256.6399,2105
2258.74,2106
2237.79,2107
2202.02,2108
2208.2,2109
2179.05,2110
2193.98,2111
2203.1001,2112
2215.1201,2113
2218.5,2114
2195.27,2115
2182.6499,2116
2183.01,2117
2225.74,2118
2157.24,2119
2159.03,2120
2153.77,2121
2117.8401,2122
2124.9399,2123
2156.96,2124
2157.1399,2125
2142.55,2126
2121.78,2127
2130.3,2128
2090.8201,2129
2090.9399,2130
2085.0801,2131
2097.3701,2132
2036.4,2133
2028.89,2134
2031.47,2135
2039.66,2136
2002.64,2137
2004.87,2138
1988.09,2139
2022.83,2140
1976.97,2141
1990.78,2142
1968.86,2143
1951.08,2144
1929.85,2145
1978.47,2146
2002.3,2147
2002.88,2148
2001.86,2149
2028.91,2150
2037.15,2151
1990.09,2152
1998.41,2153
1961.23,2154
2007.21,2155
2040.8101,2156
2014.39,2157
2003.16,2158
1985.23,2159
2042.4399,2160
2050.23,2161
2013.66,2162
2061.77,2163
2076.5901,2164
2051.6599,2165
2046.35,2166
2057.72,2167
2066.3601,2168
2035.3,2169
2016.52,2170
2029.15,2171
2034.35,2172
2057.6399,2173
2017.27,2174
2024.72,2175
2041.24,2176
2071.8601,2177
2043.53,2178
2035.24,2179
2032.13,2180
1971.37,2181
1980.1801,2182
2021.13,2183
1952.14,2184
1964.25,2185
1992,2186
1996.26,2187
1902.17,2188
1935.49,2189
1844.3101,2190
1924.85,2191
2002.3199,2192
1925.86,2193
1895.78,2194
1892.05,2195
1929.24,2196
1935.79,2197
1765.72,2198
1861.4399,2199
1853.26,2200
1778.9,2201
1754.91,2202
1687.34,2203
1590.51,2204
1573.34,2205
1453.52,2206
1436.5601,2207
1602.9301,2208
1594.41,2209
1450.5,2210
1512.21,2211
1502.84,2212
1574.5,2213
1526.02,2214
1433.22,2215
1451.37,2216
1401.29,2217
1356.78,2218
1503.16,2219
1486.73,2220
1525.37,2221
1548.8101,2222
1544.91,2223
1608,2224
1524.21,2225
1448.01,2226
1490.3101,2227
1471.64,2228
1439.22,2229
1365.15,2230
1459.8199,2231
1399.2,2232
1363.14,2233
1376.8199,2234
1292.76,2235
1206.04,2236
1282.59,2237
1365.63,2238
1374.79,2239
1423.9,2240
1437.6801,2241
1309.39,2242
1361.79,2243
1397.72,2244
1356.8101,2245
1406.36,2246
1460.6,2247
1426.88,2248
1444,2249
1403.2,2250
1413.0699,2251
1395.21,2252
1466.87,2253
1452.88,2254
1422.1899,2255
1426.39,2256
1400.42,2257
1387.08,2258
1395.76,2259
1403.22,2260
1398.25,2261
1432.65,2262
1452.98,2263
1499.17,2264
1492.21,2265
1503.87,2266
1459.58,2267
1464.6,2268
1433.41,2269
1401.0699,2270
1403.63,2271
1356.79,2272
1358.64,2273
1368.92,2274
1296.63,2275
1353.33,2276
1332.84,2277
1340.02,2278
1347.47,2279
1362.1801,2280
1408.0699,2281
1361.54,2282
1330.51,2283
1329.8101,2284
1350.89,2285
1341.77,2286
1363.8199,2287
1401.0601,2288
1403.1899,2289
1334.3,2290
1345.5,2291
1348.15,2292
1334.83,2293
1274.26,2294
1273.29,2295
1258.8199,2296
1244.72,2297
1201.5601,2298
1249.76,2299
1236.74,2300
1217.49,2301
1188.84,2302
1133.4301,2303
1126.1801,2304
1153.35,2305
1104.38,2306
1106,2307
1095.04,2308
1164.83,2309
1168.0699,2310
1215.87,2311
1225.3199,2312
1221.03,2313
1260.29,2314
1286.62,2315
1269.9301,2316
1244.86,2317
1333.21,2318
1306.03,2319
1318.61,2320
1349.37,2321
1322.1899,2322
1276.22,2323
1292.98,2324
1314.63,2325
1352.47,2326
1365.66,2327
1354.36,2328
1322.91,2329
1338.53,2330
1389.49,2331
1393.13,2332
1365.2,2333
1382.36,2334
1403.89,2335
1410.85,2336
1350.52,2337
1379.22,2338
1368.92,2339
1382.52,2340
1405.74,2341
1391.58,2342
1387.8199,2343
1417.99,2344
1416.73,2345
1424.41,2346
1472.64,2347
1467.25,2348
1493.3101,2349
1473.66,2350
1509.14,2351
1477.2,2352
1475.83,2353
1436.74,2354
1451.17,2355
1435.48,2356
1479.24,2357
1476.9399,2358
1469.47,2359
1445.28,2360
1443.14,2361
1481.1,2362
1453.28,2363
1475.9399,2364
1495.97,2365
1534.65,2366
1537.6899,2367
1516.88,2368
1534.59,2369
1530.8101,2370
1529.59,2371
1535.03,2372
1529.76,2373
1539.5,2374
1541.7,2375
1505.0601,2376
1485.92,2377
1483.9,2378
1496.59,2379
1501.25,2380
1455.54,2381
1458.92,2382
1468.48,2383
1499.98,2384
1498.08,2385
1511.7,2386
1498.9399,2387
1505.64,2388
1461.8,2389
1465.58,2390
1436.74,2391
1435.2,2392
1440.3,2393
1434.5,2394
1470.4301,2395
1478.24,2396
1522.09,2397
1535.3,2398
1534.71,2399
1552.26,2400
1557.91,2401
1557.37,2402
1593.65,2403
1598.5,2404
1603.26,2405
1599.09,2406
1592,2407
1611.14,2408
1612.3101,2409
1637.0601,2410
1642.03,2411
1637.8101,2412
1628.8199,2413
1650.73,2414
1645.26,2415
1624.91,2416
1644.23,2417
1655.66,2418
1641.54,2419
1602.0601,2420
1618.6,2421
1629.92,2422
1647.85,2423
1678.84,2424
1677.9399,2425
1681.92,2426
1682.29,2427
1687.16,2428
1684.05,2429
1670.52,2430
1633.63,2431
1628.66,2432
1642.6801,2433
1664.34,2434
1679.3199,2435
1692.48,2436
1710.14,2437
1708.1801,2438
1719.04,2439
1724.45,2440
1750.91,2441
1745.8,2442
1750.4301,2443
1744.47,2444
1755.99,2445
1738.3199,2446
1722.02,2447
1711.53,2448
1742.3199,2449
1738.48,2450
1732.86,2451
1688.24,2452
1680.7,2453
1705.73,2454
1729.14,2455
1734.74,2456
1747.7,2457
1757.6,2458
1765.3101,2459
1760.51,2460
1791.47,2461
1798.91,2462
1784.35,2463
1801.12,2464
1789.9301,2465
1774.33,2466
1793.34,2467
1771.5,2468
1750.75,2469
1744.95,2470
1711.09,2471
1749.76,2472
1700.67,2473
1711.65,2474
1715.8101,2475
1718.21,2476
1751.45,2477
1756.0699,2478
1795.5601,2479
1795.9,2480
1804.9301,2481
1786.66,2482
1796.9301,2483
1823.29,2484
1825.1801,2485
1824.61,2486
1800.12,2487
1794.65,2488
1819.17,2489
1818.3101,2490
1826.74,2491
1795.7,2492
1802.6801,2493
1824.54,2494
1825.4,2495
1810.13,2496
1820.11,2497
1815.7,2498
1797.3101,2499
1804.1,2500
1814.8101,2501
1821.5,2502
1834.55,2503
1824.37,2504
1826.45,2505
1804.96,2506
1815.35,2507
1834.59,2508
1841.17,2509
1845.8,2510
1855.5,2511
1857.89,2512
1855.61,2513
1856.14,2514
1837.5,2515
1867.0601,2516
1872.9,2517
1874.73,2518
1882.34,2519
1887.77,2520
1891.0601,2521
1873.3199,2522
1889.1,2523
1893.72,2524
1873.3,2525
1896.72,2526
1876.9,2527
1841.39,2528
1800.61,2529
1808.9301,2530
1801.34,2531
1810.21,2532
1788.97,2533
1771.4,2534
1796.67,2535
1819.99,2536
1810.64,2537
1754.3,2538
1759.38,2539
1744.37,2540
1767.1801,2541
1763.6899,2542
1781.01,2543
1776.5,2544
1808.72,2545
1816.7,2546
1828.8101,2547
1833.09,2548
1831.21,2549
1809.05,2550
1826.99,2551
1823.64,2552
1826.27,2553
1844.87,2554
1849.17,2555
1850.24,2556
1857.2,2557
1883.28,2558
1883.29,2559
1886.6,2560
1895.38,2561
1903.6801,2562
1903.29,2563
1904.1899,2564
1919.02,2565
1930.22,2566
1929.63,2567
1919.8,2568
1929.64,2569
1943.7,2570
1933.04,2571
1929.75,2572
1931.1801,2573
1942.51,2574
1942.8101,2575
1936.48,2576
1950.91,2577
1966.4399,2578
1969.76,2579
1959.04,2580
1965.72,2581
1978.86,2582
1982.4,2583
1983.91,2584
2006.0601,2585
2007.74,2586
1975.36,2587
1984.3199,2588
2000.33,2589
1998.3101,2590
2002.9301,2591
2017.1899,2592
2008.55,2593
1961.6,2594
1974.63,2595
2000.34,2596
1967.05,2597
1992.87,2598
1945.37,2599
1933.25,2600
1870.95,2601
1842.3199,2602
1923.39,2603
1917.25,2604
1944.25,2605
1920.76,2606
1884.67,2607
1887.11,2608
1860.65,2609
1851.28,2610
1779.3,2611
1806.05,2612
1782.77,2613
1783.4,2614
1773.65,2615
1832.61,2616
1809.98,2617
1778.99,2618
1825.25,2619
1832.72,2620
1769.72,2621
1745.87,2622
1765.29,2623
1754.91,2624
1806.6899,2625
1815.26,2626
1812.02,2627
1854.61,2628
1853.62,2629
1856.25,2630
1858.7,2631
1851.55,2632
1822.05,2633
1816.65,2634
1786.13,2635
1791.24,2636
1787.9399,2637
1732.55,2638
1715.23,2639
1709.77,2640
1701.86,2641
1710.97,2642
1765.42,2643
1782.1,2644
1794.9399,2645
1796.3,2646
1824.0699,2647
1823.8199,2648
1826,2649
1773.4301,2650
1784.0601,2651
1804.48,2652
1781.6,2653
1821.76,2654
1836.75,2655
1857.33,2656
1855.39,2657
1842.66,2658
1835.29,2659
1835.4,2660
1875.85,2661
1866.87,2662
1878.8101,2663
1876.51,2664
1869.77,2665
1880.0601,2666
1868.88,2667
1817.13,2668
1807.61,2669
1800.39,2670
1800.7,2671
1823.1801,2672
1826.14,2673
1795.24,2674
1788.67,2675
1781.47,2676
1755.65,2677
1761.62,2678
1748.14,2679
1777.6,2680
1751.79,2681
1752.55,2682
1804.46,2683
1820.98,2684
1845.1,2685
1824.05,2686
1836.21,2687
1845.09,2688
1854.1,2689
1875.41,2690
1874.0699,2691
1880.74,2692
1880.37,2693
1881.9301,2694
1910.6,2695
1905.74,2696
1896.77,2697
1880.97,2698
1920.84,2699
1909.98,2700
1919.59,2701
1914.84,2702
1908.95,2703
1917.42,2704
1902.15,2705
1941.8199,2706
1941.5,2707
1938.3101,2708
1950.1801,2709
1950.47,2710
1957.92,2711
1972.08,2712
1964.9,2713
1968.87,2714
1983.17,2715
1951.67,2716
1972.51,2717
1976.12,2718
1980.83,2719
1985.11,2720
1985.13,2721
1980.05,2722
1982.45,2723
1981.59,2724
1983.47,2725
1998.86,2726
2006.58,2727
2045.62,2728
2053.77,2729
2049.6899,2730
2033.85,2731
2043.16,2732
2034.48,2733
2010.5699,2734
2008.25,2735
1976.26,2736
1977,2737
2007.38,2738
2012.59,2739
2009.52,2740
1980.89,2741
2010.5601,2742
1996.03,2743
1993.83,2744
1981.84,2745
2024.97,2746
2050.96,2747
2056.3999,2748
2053.8,2749
2054.8899,2750
2063.03,2751
2071.1201,2752
2083.5701,2753
2084,2754
2085.9299,2755
2075.29,2756
2088.1899,2757
2089.95,2758
2095.3201,2759
2108.26,2760
2115.6899,2761
2112.3701,2762
2113.6699,2763
2115.3201,2764
2117.8301,2765
2114.7,2766
2114.29,2767
2138.3,2768
2135.53,2769
2146.5,2770
2142.76,2771
2138.8101,2772
2135.8601,2773
2143.8201,2774
2163.3601,2775
2159.6599,2776
2175.6799,2777
2178.72,2778
2156.97,2779
2154.1799,2780
2159.4299,2781
2172.03,2782
2172.6699,2783
2181.9199,2784
2186.9299,2785
2147.95,2786
2164.3999,2787
2200.54,2788
2194.9399,2789
2200.4199,2790
2206.8,2791
2220.6001,2792
2230.5901,2793
2224.6399,2794
2226.51,2795
2239.0801,2796
2244.8899,2797
2237.8999,2798
2252.3,2799
2259.4199,2800
2263.79,2801
2217.3501,2802
2203.8899,2803
2202.23,2804
2226.05,2805
2238.55,2806
2203.3201,2807
2207.24,2808
2245.3301,2809
2228.78,2810
2210.26,2811
2230.3999,2812
2227.7,2813
2185.6499,2814
2201.8101,2815
2188.5601,2816
2164.0601,2817
2121.9399,2818
2150.4299,2819
2159.6899,2820
2192.0901,2821
2184.5701,2822
2190.96,2823
2211.4199,2824
2218.4199,2825
2212.3201,2826
2228.4099,2827
2243.55,2828
2239.4399,2829
2250.5801,2830
2251.6399,2831
2251.26,2832
2257.1101,2833
2253.76,2834
2244.74,2835
2238.51,2836
2221.1201,2837
2221.77,2838
2221.99,2839
2230.7,2840
2206.1499,2841
2218.8601,2842
2248.8999,2843
2260.8401,2844
2257.24,2845
2277.51,2846
2292.1299,2847
2300.46,2848
2305.76,2849
2301.72,2850
2293.95,2851
2278.6299,2852
2258.0801,2853
2266.97,2854
2277.3,2855
2295.72,2856
2271.47,2857
2282.8401,2858
2264.52,2859
2250.6101,2860
2250.3501,2861
2270.5701,2862
2275.71,2863
2258.21,2864
2231.3101,2865
2229.49,2866
2236.75,2867
2246.1299,2868
2255.74,2869
2279.6599,2870
2227.96,2871
2225.3601,2872
2203.8101,2873
2180.1399,2874
2178.1499,2875
2169.5,2876
2185.52,2877
2155,2878
2157.1499,2879
2184.48,2880
2146.45,2881
2150.5801,2882
2157.1399,2883
2168.8,2884
2198.1499,2885
2184.03,2886
2177.8501,2887
2152.3101,2888
2172.0801,2889
2200.6799,2890
2219.2,2891
2241.6599,2892
2274.26,2893
2271.29,2894
2274.4199,2895
2298.3101,2896
2282.3201,2897
2241.0701,2898
2231.1499,2899
2238.29,2900
2223.29,2901
2235.6499,2902
2217.55,2903
2253.71,2904
2252.52,2905
2283.23,2906
2285.3401,2907
2272.47,2908
2263.1499,2909
2217.29,2910
2210.3301,2911
2196.0801,2912
2187,2913
2131.1001,2914
2142.5601,2915
2040.2,2916
2039.04,2917
1903.47,2918
1993.76,2919
1906.53,2920
1995.14,2921
2005.67,2922
2049.51,2923
2029.92,2924
2032.41,2925
1941.92,2926
1912.77,2927
1913.27,2928
1978.89,2929
2005.13,2930
1973.96,2931
2004.11,2932
2061.05,2933
2066.3701,2934
2076.78,2935
2052.3,2936
2000.5,2937
1985.67,2938
2043.05,2939
2021.42,2940
1967.47,2941
1981.3,2942
2000.08,2943
2027.04,2944
2062.25,2945
2074.0601,2946
2053.74,2947
2050.3899,2948
1990.2,2949
1926.76,2950
1938.73,2951
1983.97,2952
2005.1899,2953
1964.2,2954
1980.23,2955
1930.79,2956
1875.95,2957
1918.39,2958
1953.67,2959
1989.61,2960
1973.42,2961
2040.76,2962
2041.9,2963
2062.22,2964
2056.26,2965
2091.99,2966
2051.54,2967
2093.4299,2968
2067.28,2969
2076.75,2970
2115.8601,2971
2143.1299,2972
2100.1699,2973
2122.3201,2974
2195.22,2975
2196.1299,2976
2141.8101,2977
2081.97,2978
2115.7,2979
2155.8701,2980
2142.3401,2981
2156,2982
2182.6101,2983
2102.72,2984
2121.1399,2985
2162.48,2986
2142.0901,2987
2152.8,2988
2117.6399,2989
2082.1001,2990
2081.4199,2991
2042.71,2992
2034.41,2993
1989.54,2994
1984.5,2995
2042.8,2996
2048.0601,2997
2137.0801,2998
2133.0701,2999
2132.6399,3000
2154.6799,3001
2157.1001,3002
2162.0701,3003
2116.4099,3004
2152.1499,3005
2120.1499,3006
2102.1499,3007
2078.51,3008
2085.4399,3009
2092.1799,3010
2067.6699,3011
2129.6699,3012
2133.8601,3013
2152.04,3014
2171.5,3015
2171.71,3016
2145.0901,3017
2168.1201,3018
2158.9399,3019
2192.3999,3020
2193.28,3021
2199.73,3022
2194.98,3023
2200,3024
2219.5801,3025
2220.48,3026
2225.74,3027
2214.73,3028
2222.5901,3029
2247.6399,3030
2258.8,3031
2260.3701,3032
2261.47,3033
2259.22,3034
2278.8301,3035
2265.8401,3036
2262.3501,3037
2256.72,3038
2255.6899,3039
2276.24,3040
2278.9199,3041
2312.49,3042
2311.55,3043
2316.27,3044
2322.1101,3045
2325.5601,3046
2309.6001,3047
2325.8101,3048
2324,3049
2312.28,3050
2338.1201,3051
2343.6699,3052
2345.4099,3053
2337.6699,3054
2348.1101,3055
2352.3401,3056
2355.74,3057
2364.03,3058
2353.23,3059
2367.8701,3060
2360.28,3061
2351.28,3062
2315.21,3063
2331.8899,3064
2355.01,3065
2363.5601,3066
2364.1001,3067
2407.79,3068
2404.98,3069
2419.3701,3070
2422.0901,3071
2431.73,3072
2424.46,3073
2420.02,3074
2402.71,3075
2410.1599,3076
2443.6399,3077
2437.01,3078
2425.55,3079
2421.7,3080
2430.6699,3081
2449.0801,3082
2439.8899,3083
2415.05,3084
2414.3999,3085
2387.03,3086
2346.27,3087
2364.0901,3088
2396.6899,3089
2366.8401,3090
2365.6499,3091
2402.29,3092
2392.5701,3093
2378.48,3094
2381.3201,3095
2361.3501,3096
2370.04,3097
2402.71,3098
2418.8899,3099
2424.78,3100
2415.4199,3101
2429.1001,3102
2423.29,3103
2405.1699,3104
2366.3899,3105
2367.26,3106
2357.45,3107
2342.3101,3108
2348.9299,3109
2341.23,3110
2315.45,3111
2302.5601,3112
2293.21,3113
2258.9299,3114
2242.25,3115
2278.24,3116
2279.3999,3117
2283.3601,3118
2286.8701,3119
2281.9199,3120
2307.5701,3121
2275.1899,3122
2270.25,3123
2214.4099,3124
2214.7,3125
2227.45,3126
2279.4199,3127
2279.28,3128
2297.8201,3129
2268.9399,3130
2295.3999,3131
2280.1299,3132
2304.8301,3133
2328.6599,3134
2332.0701,3135
2355.01,3136
2351.1399,3137
2299.1599,3138
2315.6499,3139
2278.98,3140
2289.8601,3141
2310.98,3142
2306.22,3143
2363.79,3144
2369.75,3145
2385.0601,3146
2373.9099,3147
2352.3401,3148
2348.52,3149
2329.46,3150
2329.71,3151
2318.0901,3152
2356.3999,3153
2350.9399,3154
2368.3601,3155
2384.54,3156
2391.27,3157
2367.26,3158
2346.22,3159
2325.02,3160
2324.3301,3161
2362.8501,3162
2408.0701,3163
2406.99,3164
2396.6201,3165
2389.73,3166
2372.3101,3167
2417.77,3168
2423.46,3169
2435.8799,3170
2438.1599,3171
2440.23,3172
2445.6399,3173
2443.05,3174
2443.1599,3175
2446.8201,3176
2464.3799,3177
2469,3178
2468.99,3179
2460.4099,3180
2461.1201,3181
2441.29,3182
2457.3999,3183
2456.22,3184
2454.3899,3185
2457.05,3186
2438.2,3187
2450.6001,3188
2447.8,3189
2445.8101,3190
2496.1201,3191
2506.3701,3192
2491.1101,3193
2498.95,3194
2504.8401,3195
2546.03,3196
2556.1299,3197
2548.26,3198
2545.05,3199
2548.1101,3200
2547.1101,3201
2546.9199,3202
2541.23,3203
2514.8301,3204
2500.9199,3205
2525.23,3206
2513.9299,3207
2520.71,3208
2523.0801,3209
2532.79,3210
2550.98,3211
2551.03,3212
2542.21,3213
2517.1399,3214
2501.75,3215
2502.6599,3216
2495.28,3217
2515.4399,3218
2541.28,3219
2552.05,3220
2545.95,3221
2503.8,3222
2504.96,3223
2468.78,3224
2461.1799,3225
2468.6001,3226
2466.8,3227
2467.51,3228
2494.6699,3229
2471.3,3230
2476.9399,3231
2496.46,3232
2439.48,3233
2409.72,3234
2413.9199,3235
2414.24,3236
2405.3799,3237
2372.9399,3238
2369.3201,3239
2381.02,3240
2428.47,3241
2430.29,3242
2435.97,3243
2468.0601,3244
2463.1201,3245
2450.48,3246
2470.47,3247
2481.4199,3248
2481.8201,3249
2470.0701,3250
2465.8999,3251
2470.5901,3252
2479.3999,3253
2486.8401,3254
2487.78,3255
2504.0801,3256
2505.76,3257
2490.5601,3258
2480.3601,3259
2509.8401,3260
2538.72,3261
2519.54,3262
2533.9099,3263
2510.3201,3264
2504.51,3265
2492.54,3266
2489.97,3267
2462.71,3268
2504.4399,3269
2568.55,3270
2563.1899,3271
2575.6599,3272
2567.6299,3273
2560.1699,3274
2567.02,3275
2586.52,3276
2586.6899,3277
2584.27,3278
2587.2,3279
2588.02,3280
2602.6399,3281
2611.54,3282
2623.22,3283
2627.23,3284
2627.3301,3285
2641.6399,3286
2636.8301,3287
2650.4299,3288
2640.77,3289
2634.1599,3290
2660.7,3291
2630.05,3292
2657.76,3293
2659.55,3294
2655.8401,3295
2670.8501,3296
2669.3701,3297
2673.77,3298
2676.6001,3299
2678.77,3300
2676.21,3301
2696.26,3302
2662.9399,3303
2646.75,3304
2670.3601,3305
2621.46,3306
2637.8899,3307
2672.1101,3308
2669.9199,3309
2676.1799,3310
2688.54,3311
2714.3501,3312
2718.0701,3313
2723.27,3314
2735.6699,3315
2744.8101,3316
2738.3501,3317
2742.8701,3318
2758.3,3319
2753.8201,3320
2738.6799,3321
2732.0901,3322
2750.4199,3323
2727.6899,3324
2747.25,3325
2738.0801,3326
2760.3201,3327
2758.8501,3328
2770.05,3329
2757.8301,3330
2772.1101,3331
2743.3799,3332
2754.6699,3333
2742.8601,3334
2761.05,3335
2770.8401,3336
2804.8101,3337
2815.02,3338
2807.1001,3339
2742.6299,3340
2781.8601,3341
2742.01,3342
2723.72,3343
2747.9399,3344
2760.8,3345
2789.5601,3346
2789.9299,3347
2801.28,3348
2796.24,3349
2816.3899,3350
2823.4199,3351
2797.28,3352
2823.8201,3353
2853.8799,3354
2859.3401,3355
2874.46,3356
2887.6101,3357
2878.3,3358
2890.77,3359
2891.1699,3360
2921.1201,3361
2936.98,3362
2922.3999,3363
2952.5601,3364
2950.53,3365
2955.6899,3366
2931.5801,3367
2923.4299,3368
2921.8799,3369
2940.45,3370
2920.1799,3371
2931.3899,3372
2889.46,3373
2906.9099,3374
2891.02,3375
2851.8899,3376
2876.5,3377
2913.46,3378
2912.6299,3379
2883.0701,3380
2859.6201,3381
2902.3201,3382
2885.24,3383
2907.1201,3384
2929.8101,3385
2889.25,3386
2817.4399,3387
2824.97,3388
2790.6599,3389
2817.4399,3390
2845.04,3391
2862.9199,3392
2850.6599,3393
2866.4099,3394
2865.48,3395
2867.8501,3396
2897.1201,3397
2913.2,3398
2934.3101,3399
2934.97,3400
2975.0601,3401
2984.24,3402
2988.3501,3403
2977.26,3404
2985.8501,3405
3001.21,3406
3006.1299,3407
3012.3,3408
3006.72,3409
2995.3,3410
3003.01,3411
3005.51,3412
2994.45,3413
2995.6799,3414
2995.72,3415
3033.5901,3416
3038.6299,3417
3034.4299,3418
3017.1599,3419
3006.6299,3420
3019,3421
3008.79,3422
3005.4199,3423
3014.4299,3424
2999.4199,3425
2957.0801,3426
2947.46,3427
2930.27,3428
2941.5801,3429
2924.73,3430
2949.96,3431
2962.0601,3432
2950.1299,3433
2903.29,3434
2911.8301,3435
2917.96,3436
2908.96,3437
2921.23,3438
2945.6201,3439
2949.27,3440
2949.8,3441
2979.45,3442
3001.3601,3443
3010.9399,3444
3001.6201,3445
3009.79,3446
3026.9399,3447
3039.75,3448
3076.8101,3449
3071.6101,3450
3049.47,3451
3035.0901,3452
3027.52,3453
3019.3101,3454
3030.4099,3455
3018.24,3456
3000.1799,3457
3024.3799,3458
3022.95,3459
2995.8101,3460
3017.05,3461
2991.3899,3462
2955.4099,3463
2957.3999,3464
3022.4299,3465
3041.4299,3466
3053.8401,3467
3032.27,3468
3074.54,3469
3095.4199,3470
3115.77,3471
3116.0901,3472
3133.98,3473
3119.2,3474
3129.4099,3475
3143.1599,3476
3147.3601,3477
3165.1101,3478
3149.9299,3479
3138.0901,3480
3147.21,3481
3158.47,3482
3149.96,3483
3165.1299,3484
3124.1201,3485
3166.1101,3486
3168.4099,3487
3161.1001,3488
3187.6399,3489
3203.6499,3490
3217.2,3491
3205.46,3492
3199.52,3493
3188.04,3494
3214.1599,3495
3230.54,3496
3226.53,3497
3227.3601,3498
3236.1399,3499
3233.72,3500
3225.0601,3501
3214.95,3502
3211.5901,3503
3197.76,3504
3233.99,3505
3239.99,3506
3229.72,3507
3193.52,3508
3182.3301,3509
3182.0701,3510
3202.22,3511
3192.3301,3512
3245.5901,3513
3244.1499,3514
3259.79,3515
3277.6201,3516
3287.55,3517
3303.1499,3518
3302.6599,3519
3302.3,3520
3315.5901,3521
3286.6899,3522
3285.6799,3523
3277.48,3524
3297.45,3525
3297.74,3526
3298.8701,3527
3306.49,3528
3265.27,3529
3300.6101,3530
3317.75,3531
3313.3601,3532
3300.51,3533
3309.74,3534
3312.04,3535
3282.6399,3536
3214.1399,3537
3198.5701,3538
3218.21,3539
3185.7,3540
3221.78,3541
3200.95,3542
3127.8701,3543
3151.9399,3544
3146.49,3545
3187.25,3546
3229.6499,3547
3234.79,3548
3270.74,3549
3271.47,3550
3290.8201,3551
3306.9199,3552
3311.27,3553
3289.8301,3554
3310.27,3555
3304.3601,3556
3324.8401,3557
3320.4299,3558
3321.1499,3559
3338.05,3560
3347.3799,3561
3322.8501,3562
3373.6399,3563
3374.1001,3564
3380.49,3565
3382.5701,3566
3381.22,3567
3364.1699,3568
3366.0701,3569
3327.1101,3570
3317.8101,3571
3349.71,3572
3373.98,3573
3353.29,3574
3373.6001,3575
3363.72,3576
3347.3601,3577
3362.4399,3578
3339,3579
3333.23,3580
3348.8301,3581
3375.51,3582
3399.51,3583
3409.8,3584
3406,3585
3363.4099,3586
3327.27,3587
3340.8401,3588
3377.6101,3589
3307.0801,3590
3276.04,3591
3302.98,3592
3325.3,3593
3360.27,3594
3365,3595
3377.75,3596
3391.5801,3597
3384.5,3598
3390.3899,3599
3362.95,3600
3374.04,3601
3390.1599,3602
3400.46,3603
3400.2,3604
3395.6101,3605
3402.23,3606
3371.72,3607
3392.1001,3608
3388.29,3609
3394.05,3610
3427.01,3611
3429.3,3612
3413.8401,3613
3382.52,3614
3395.21,3615
3408.52,3616
3386.48,3617
3414.45,3618
3422.99,3619
3437.5801,3620
3458.1899,3621
3454.8799,3622
3473.8601,3623
3480.29,3624
3483.1399,3625
3482,3626
3489.21,3627
3512.21,3628
3528.98,3629
3532.47,3630
3531.6201,3631
3519.52,3632
3495.5701,3633
3506.5801,3634
3509.54,3635
3517.23,3636
3544.4199,3637
3549.4399,3638
3555.6001,3639
3555.1399,3640
3532.5701,3641
3549.96,3642
3546.3799,3643
3553.3501,3644
3552.1799,3645
3576.55,3646
3579.1101,3647
3598.73,3648
3584.75,3649
3560.53,3650
3577.28,3651
3562.49,3652
3568.0801,3653
3585.3701,3654
3578.46,3655
3593.9099,3656
3551.73,3657
3588.21,3658
3579.99,3659
3597.95,3660
3604.3,3661
3606.1001,3662
3588.6799,3663
3589.73,3664
3573.6499,3665
3574.45,3666
3503.1899,3667
3493.1799,3668
3518.3101,3669
3484.5601,3670
3485.6699,3671
3467.1399,3672
3507.21,3673
3517.53,3674
3511.96,3675
3536.4199,3676
3551.97,3677
3552.1699,3678
3582.7,3679
3601.3301,3680
3610.49,3681
3621.23,3682
3614.5,3683
3631.8601,3684
3635.71,3685
3636.6399,3686
3630.98,3687
3643.3301,3688
3641.52,3689
3639.3501,3690
3633.8701,3691
3652.26,3692
3641.6599,3693
3617.8899,3694
3631.45,3695
3635.6599,3696
3614.0601,3697
3611.52,3698
3638.6001,3699
3643.3999,3700
3661.73,3701
3660.03,3702
3630.7,3703
3610.1001,3704
3638.4399,3705
3579.6101,3706
3610.98,3707
3602.0901,3708
3592.25,3709
3544.98,3710
3545.3,3711
3584.9399,3712
3579.4199,3713
3525.29,3714
3588.0701,3715
3514.1201,3716
3474.23,3717
3417.01,3718
3422.4299,3719
3395.03,3720
3395.6399,3721
3439.3899,3722
3470.8899,3723
3538.8999,3724
3513.47,3725
3556.7,3726
3581.8201,3727
3576.47,3728
3619.1599,3729
3614.53,3730
3637.3,3731
3679.99,3732
3679.5801,3733
3669.1799,3734
3691.3799,3735
3706.45,3736
3708.46,3737
3720.25,3738
3722.8401,3739
3721.3,3740
3723.5801,3741
3724.9199,3742
3727.8601,3743
3747.74,3744
3742.3501,3745
3749.8701,3746
3770.03,3747
3780.8799,3748
3776.9399,3749
3788.4199,3750
3778.96,3751
3753.3101,3752
3777.47,3753
3792.6799,3754
3788.3401,3755
3794.6799,3756
3767.7,3757
3758.8701,3758
3705.51,3759
3723.3201,3760
3663.1001,3761
3639.97,3762
3609.0601,3763
3682.7,3764
3771.72,3765
3788.97,3766
3803.9399,3767
3810.78,3768
3810.3899,3769
3823,3770
3826.95,3771
3808.6899,3772
3769.4399,3773
3768.6799,3774
3700.03,3775
3667.1399,3776
3710.9399,3777
3777.3999,3778
3745.6699,3779
3715.3601,3780
3706.1499,3781
3684.72,3782
3650.74,3783
3699.79,3784
3705.6399,3785
3723.6201,3786
3780.51,3787
3759.76,3788
3769.45,3789
3718.99,3790
3669.1001,3791
3704.3501,3792
3656.28,3793
3703.77,3794
3757.3401,3795
3742.8401,3796
3782.1101,3797
3770.2,3798
3754.3601,3799
3794.6201,3800
3795.8201,3801
3833.3501,3802
3849.29,3803
3856.04,3804
3855,3805
3851.53,3806
3875.6001,3807
3874.46,3808
3885.27,3809
3882.95,3810
3877.8501,3811
3866.4199,3812
3890.3201,3813
3872.71,3814
3856.51,3815
3861.29,3816
3807.04,3817
3822.4199,3818
3757.8301,3819
3751.2,3820
3799.4299,3821
3776.4399,3822
3827.6201,3823
3814.9099,3824
3861.3899,3825
3842.6201,3826
3877.26,3827
3870.49,3828
3847.05,3829
3791.1299,3830
3782.21,3831
3791.8999,3832
3838.6499,3833
3805.27,3834
3790.6599,3835
3804.1399,3836
3829.3101,3837
3821.49,3838
3833.2,3839
3850.29,3840
3870.3101,3841
3852.9299,3842
3859.22,3843
3879.1001,3844
3876.1699,3845
3832.3301,3846
3867.8201,3847
3862.1499,3848
3881.9299,3849
3891.46,3850
3900.24,3851
3884.1001,3852
3895.21,3853
3880.8999,3854
3841.78,3855
3883.75,3856
3895.1599,3857
3849.4099,3858
3833.7,3859
3849.1299,3860
3901.01,3861
3881.9299,3862
3870.6899,3863
3870.3601,3864
3912.52,3865
3915.99,3866
3928.1499,3867
3926.4099,3868
3923.1799,3869
3932.8999,3870
3924.1599,3871
3883.8799,3872
3920.1101,3873
3915.8201,3874
3891.1799,3875
3899.5901,3876
3895.8501,3877
3904.8301,3878
3871.23,3879
3865.8301,3880
3841.45,3881
3843.1599,3882
3889.7,3883
3897.5901,3884
3870.5601,3885
3852.75,3886
3874.73,3887
3882.49,3888
3921.4299,3889
3900.6399,3890
3924.4099,3891
3927.23,3892
3898.47,3893
3887.04,3894
3886.21,3895
3805.5,3896
3815.8501,3897
3843.26,3898
3842.0601,3899
3827.3501,3900
3850.6599,3901
3787.6699,3902
3796.26,3903
3843.1001,3904
3885.97,3905
3903.3101,3906
3900.5,3907
3931.8501,3908
3936.22,3909
3939.3501,3910
3922.7,3911
3913.75,3912
3891.79,3913
3850.1499,3914
3827.9299,3915
3875.3701,3916
3904.21,3917
3904.6399,3918
3895.8,3919
3885.0701,3920
3876.4399,3921
3889.99,3922
3860.9199,3923
3849.96,3924
3899.3601,3925
3862.8101,3926
3867.3701,3927
3863.03,3928
3878.1599,3929
3899.1001,3930
3889.6001,3931
3857.74,3932
3776.3601,3933
3656.6699,3934
3512.6499,3935
3465.1899,3936
3600.73,3937
3688.6001,3938
3691.3,3939
3660.75,3940
3552.6499,3941
3618.25,3942
3622.6599,3943
3567.4099,3944
3657.3201,3945
3606.8,3946
3626.1399,3947
3643.54,3948
3628.8701,3949
3675.48,3950
3707.6201,3951
3698.74,3952
3638.99,3953
3655.6399,3954
3610.7,3955
3603.49,3956
3591.3701,3957
3589.71,3958
3498.6101,3959
3503.1299,3960
3570.1699,3961
3577.47,3962
3629.04,3963
3695.6101,3964
3682.3301,3965
3713.3601,3966
3746.1201,3967
3748.96,3968
3753.73,3969
3728.48,3970
3711.1101,3971
3766.4299,3972
3783.6399,3973
3784.72,3974
3779.4399,3975
3757.9099,3976
3820.49,3977
3862.6499,3978
3855.29,3979
3845.45,3980
3891.3401,3981
3890.04,3982
3871.3301,3983
3917.3,3984
3928.05,3985
3915.52,3986
3911.8899,3987
3910.98,3988
3873.3701,3989
3880.23,3990
3867.71,3991
3814.29,3992
3771.5901,3993
3828.46,3994
3824.1399,3995
3886.26,3996
3882.0601,3997
3897.45,3998
3892.8,3999
3897.6699,4000
3897.5701,4001
3900.74,4002
3882.8401,4003
3924.6299,4004
3882.3799,4005
3826.74,4006
3905.3101,4007
3878.3101,4008
3853.48,4009
3823.8999,4010
3832.9299,4011
3759.0901,4012
3777.22,4013
3817.3601,4014
3873.1201,4015
3815.46,4016
3747.5601,4017
3777.1499,4018
3810.8501,4019
3858.47,4020
3852.3101,4021
3843.9399,4022
3885.55,4023
3857.8999,4024
