participation,income,education,age,youngkids,oldkids,foreign
0,10.787497,8,30,1,1,0
1,10.524251,8,45,0,1,0
0,10.968578,9,46,0,0,0
0,11.104999,11,31,2,0,0
0,11.10847,12,44,0,2,0
1,11.028254,12,42,0,1,0
0,11.454707,8,51,0,0,0
1,10.490918,8,32,0,2,0
0,10.62474,12,39,0,0,0
0,10.48642,11,43,0,2,0
0,10.660618,11,45,0,2,0
0,10.467589,12,60,0,0,0
0,11.229592,11,33,2,0,0
0,11.906462,14,56,0,0,0
0,11.501562,11,56,0,0,0
0,11.293492,11,47,0,1,0
0,10.861253,8,50,0,0,0
1,11.844049,12,39,0,0,0
0,11.048627,8,47,0,1,0
1,10.957795,11,53,0,0,0
0,10.860134,19,29,0,0,0
1,11.108121,11,46,0,1,0
0,10.84862,8,44,0,2,0
0,10.482397,12,20,1,0,0
1,10.48404,8,54,0,0,0
1,10.601204,8,47,0,0,0
0,10.540632,9,28,2,0,0
0,11.224276,8,47,0,1,0
1,10.841085,12,49,0,0,0
0,10.566288,11,30,0,1,0
0,11.769593,11,51,0,0,0
0,10.667089,11,28,0,2,0
0,10.624627,11,54,0,0,0
0,10.537148,8,49,0,0,0
0,11.135636,10,53,0,0,0
0,10.315332,8,55,0,0,0
0,10.372655,11,24,1,0,0
0,11.507138,8,50,0,1,0
1,11.156561,13,36,0,2,0
0,10.452933,9,23,1,0,0
1,11.106286,12,41,0,2,0
0,10.657185,10,23,0,1,0
0,10.518618,10,38,0,2,0
0,10.699437,12,53,0,0,0
0,9.6688738,12,45,0,1,0
0,10.922165,12,37,0,2,0
0,11.249361,15,36,2,0,0
0,10.051168,12,46,0,0,0
0,10.621104,10,31,1,1,0
1,10.644639,10,42,0,2,0
0,10.419983,10,22,1,0,0
1,10.466988,8,32,0,1,0
1,10.478207,9,34,0,2,0
1,10.435452,9,44,0,1,0
1,10.427258,12,58,0,0,0
1,10.471779,9,44,0,2,0
0,11.138516,9,55,0,0,0
0,10.31886,11,23,2,0,0
0,10.305638,15,60,0,0,0
0,10.864139,10,50,0,2,0
0,10.465655,9,59,0,0,0
0,10.2239,9,35,0,2,0
0,12.019113,13,61,0,0,0
1,11.411158,13,40,0,2,0
0,10.51476,11,24,1,0,0
1,10.493266,4,35,0,2,0
1,10.71857,10,31,1,1,0
0,11.33689,12,61,0,0,0
1,10.814724,10,55,0,1,0
0,10.316425,9,20,1,0,0
0,11.096651,15,31,1,0,0
1,10.47289,9,35,0,2,0
0,10.588166,8,55,0,0,0
0,11.584711,11,35,1,2,0
0,10.618983,17,44,0,4,0
1,10.517572,9,56,0,0,0
0,10.825584,10,34,0,2,0
1,10.909947,8,43,0,0,0
1,10.363575,12,24,0,0,0
1,9.6461477,8,54,0,0,0
0,10.157078,8,34,0,4,0
1,10.279822,7,52,0,2,0
0,10.571089,8,34,1,3,0
0,10.763515,9,21,2,0,0
1,10.540896,10,34,0,0,0
0,10.654575,9,22,1,0,0
0,10.852278,8,36,0,3,0
0,10.28561,10,32,1,3,0
0,11.338939,13,44,0,4,0
1,11.235833,12,49,0,2,0
0,10.471702,14,49,0,2,0
0,10.787214,10,45,0,3,0
0,10.599964,10,28,1,1,0
0,10.280773,8,36,0,3,0
0,10.840751,8,50,0,2,0
0,11.052507,8,48,0,5,0
0,10.65334,7,45,0,2,0
0,10.338464,7,62,0,0,0
0,10.708192,12,33,2,0,0
1,10.348194,8,48,0,0,0
1,11.021232,10,38,0,3,0
1,10.605906,7,46,0,1,0
1,10.649509,10,38,0,1,0
1,10.386903,7,56,0,0,0
1,10.741169,13,39,0,3,0
0,10.541059,10,28,2,0,0
0,11.081039,10,46,0,3,0
1,10.771101,10,27,0,0,0
0,12.285946,12,58,0,0,0
0,10.778364,12,27,2,0,0
0,10.669682,10,52,0,0,0
1,10.784824,9,31,0,3,0
1,11.269807,11,35,0,2,0
1,11.34666,12,34,0,1,0
1,10.825946,4,57,0,0,0
0,11.013918,10,44,0,2,0
0,9.5746346,7,56,0,1,0
1,10.528624,4,34,0,3,0
1,10.741468,16,27,1,0,0
0,10.75483,9,44,0,3,0
1,10.830751,12,33,2,0,0
0,10.490775,9,52,0,2,0
0,10.363387,8,26,1,0,0
0,10.812684,9,28,0,2,0
0,10.763303,8,46,2,1,0
1,10.700171,9,42,0,2,0
0,10.446508,6,24,1,0,0
1,10.449971,8,21,0,0,0
0,10.663366,4,58,0,0,0
1,10.925736,8,47,0,4,0
0,10.865444,8,37,0,2,0
1,11.41671,11,31,1,0,0
1,10.819836,8,57,0,0,0
1,10.963413,9,38,0,2,0
0,9.2639875,13,22,1,0,0
1,10.74062,8,40,0,2,0
0,11.329038,11,40,0,1,0
1,11.175732,9,35,0,2,0
0,11.1317,9,37,0,2,0
1,10.666515,12,54,0,0,0
0,11.086339,10,52,0,0,0
1,10.569454,11,31,0,2,0
0,11.03635,10,46,0,2,0
0,10.740618,6,44,1,1,0
0,10.620524,10,25,1,0,0
0,10.871253,9,27,1,0,0
1,10.664763,9,45,0,1,0
0,11.86487,15,31,0,2,0
1,10.639207,13,31,0,2,0
1,10.665111,14,34,0,2,0
1,10.937405,11,37,0,2,0
1,11.115698,8,51,0,0,0
0,10.392553,9,52,0,0,0
0,10.916087,8,34,0,2,0
1,10.530598,11,45,0,2,0
1,11.049862,14,26,1,0,0
0,10.961591,9,40,0,1,0
0,10.782629,10,44,0,2,0
0,10.893155,13,28,2,0,0
0,10.637464,8,41,1,3,0
0,10.804152,10,58,0,0,0
0,10.881099,10,35,0,1,0
0,11.995501,12,56,0,0,0
1,11.216231,13,40,0,4,0
0,10.510004,9,34,1,1,0
0,10.459609,14,29,1,1,0
1,10.763969,13,37,0,2,0
1,10.755772,12,26,0,0,0
0,10.689363,8,43,0,3,0
1,11.065612,9,38,0,3,0
1,10.693192,8,47,0,1,0
0,10.604953,8,53,0,3,0
0,10.401214,8,54,0,0,0
0,10.61778,11,39,2,0,0
1,10.833661,10,34,0,0,0
0,10.02621,8,54,0,1,0
0,10.746228,9,31,2,0,0
0,10.933002,8,35,0,4,0
1,10.84025,12,37,1,1,0
0,10.714731,8,40,0,2,0
0,10.612391,8,24,2,0,0
0,11.07683,12,33,1,0,0
1,11.128016,9,49,0,3,0
0,10.522886,12,30,0,2,0
0,10.659896,9,61,0,0,0
0,11.733083,13,32,2,1,0
0,10.91997,8,39,0,5,0
0,10.514121,8,40,0,2,0
0,11.069464,10,27,0,2,0
0,10.619196,9,20,1,0,0
0,10.562078,11,43,0,2,0
1,10.905702,13,32,1,1,0
0,10.95099,11,34,0,2,0
1,10.50612,8,46,0,2,0
0,11.047871,5,44,0,1,0
0,10.574165,8,36,0,3,0
1,11.193011,12,45,0,2,0
0,10.984266,12,33,1,0,0
0,11.334915,4,55,0,0,0
0,10.851937,12,36,0,2,0
1,10.404555,8,37,0,0,0
0,10.988086,11,39,0,2,0
0,10.864314,8,53,0,0,0
0,10.523238,9,22,1,0,0
0,10.820928,12,33,0,2,0
1,10.162354,10,40,0,0,0
0,11.198758,12,57,0,0,0
0,11.225668,10,29,1,2,0
1,10.893887,8,47,0,0,0
1,10.641333,10,41,0,0,0
0,10.850221,8,41,0,2,0
1,10.660521,12,31,0,0,0
0,11.349021,12,43,0,1,0
0,11.242483,8,51,0,1,0
1,11.159617,10,36,0,2,0
1,10.911874,10,39,0,1,0
1,10.507997,8,30,0,2,0
0,10.975945,21,30,2,0,0
0,10.368614,2,24,0,0,0
0,10.567141,8,49,0,1,0
0,10.445417,9,49,0,0,0
0,10.518592,8,30,0,2,0
1,10.700863,9,40,0,4,0
0,10.596668,6,44,0,0,0
0,11.197492,13,29,1,1,0
0,10.939767,13,28,1,0,0
1,10.557954,10,43,0,1,0
0,10.75464,10,29,2,2,0
1,10.464695,7,44,1,1,0
0,10.954447,12,42,0,3,0
1,10.800645,8,45,0,6,0
0,9.7744894,8,57,0,1,0
0,11.043071,8,51,0,0,0
1,10.949314,11,44,0,1,0
0,10.015288,7,55,0,2,0
0,11.499515,14,55,0,0,0
1,10.606732,10,48,0,1,0
0,10.647289,9,45,0,3,0
0,10.513616,11,54,0,0,0
0,11.226845,12,56,0,0,0
1,10.698781,13,33,2,0,0
0,10.873052,10,40,0,3,0
0,10.518034,7,54,0,2,0
0,10.398972,4,56,0,0,0
0,11.12097,9,40,0,2,0
1,10.160162,8,42,0,3,0
0,11.189876,14,50,0,1,0
1,10.580379,9,49,0,0,0
0,10.807338,8,58,0,0,0
1,9.7613668,8,58,0,0,0
0,10.67489,4,57,0,0,0
0,10.688645,4,54,0,0,0
0,10.185521,8,59,0,0,0
1,11.672285,18,51,0,1,0
0,10.795038,12,26,1,0,0
1,10.972098,10,43,0,2,0
0,10.556449,9,38,0,2,0
1,10.704404,8,39,0,2,0
1,10.428636,9,53,0,0,0
0,11.051191,10,38,0,1,0
1,10.851682,7,48,0,0,0
1,10.482903,9,41,0,0,0
0,10.788455,12,55,0,0,0
0,10.535781,13,30,1,0,0
1,10.131345,8,58,0,0,0
0,10.413317,8,28,2,0,0
1,10.550204,15,36,0,0,0
0,10.678824,4,50,0,1,0
0,10.845567,10,27,1,1,0
1,10.326767,8,55,0,0,0
0,10.756853,12,28,1,0,0
1,10.687163,8,45,0,2,0
1,10.69541,4,39,0,0,0
1,10.447811,9,30,0,1,0
1,11.010256,8,53,0,0,0
0,10.704237,10,23,2,0,0
0,10.913541,13,58,0,0,0
0,10.23621,9,44,0,1,0
0,11.76194,9,52,0,1,0
0,10.485152,12,24,1,0,0
1,11.147722,9,48,0,0,0
0,11.153504,11,38,0,2,0
0,10.645516,11,56,0,0,0
1,10.777797,8,50,0,0,0
1,10.986342,14,43,0,3,0
0,10.628565,10,28,0,2,0
0,10.916267,12,56,0,0,0
1,10.702699,12,36,0,2,0
0,10.952528,11,47,0,1,0
1,10.382414,11,37,0,0,0
0,10.698292,11,46,0,0,0
0,11.051727,9,57,0,0,0
0,10.656841,10,33,0,2,0
0,10.554549,8,47,0,2,0
0,11.692279,14,45,0,2,0
1,11.472848,13,42,0,3,0
0,11.656427,11,33,2,2,0
1,10.696645,12,45,0,2,0
1,10.839479,9,39,0,1,0
1,10.795194,10,33,0,3,0
1,10.379617,4,29,1,1,0
1,10.886384,13,44,0,2,0
0,11.363417,15,33,0,3,0
0,11.132031,11,26,1,0,0
1,10.899869,12,32,0,0,0
0,11.160232,12,29,1,2,0
1,10.058137,9,60,0,0,0
1,10.73593,11,39,0,2,0
1,9.6803951,9,47,0,0,0
0,11.150011,8,34,0,3,0
1,7.1869011,12,57,0,0,0
0,10.762847,12,33,0,2,0
0,10.641994,8,56,0,0,0
1,10.821105,9,55,0,0,0
0,11.697144,13,37,0,3,0
1,10.867016,8,54,0,0,0
1,11.597597,14,33,1,2,0
0,11.34655,4,52,0,1,0
1,10.440166,13,25,0,0,0
1,10.786756,8,47,0,1,0
0,10.693526,9,42,0,2,0
0,10.639603,12,31,0,2,0
0,10.391253,11,30,1,0,0
0,11.094102,4,58,0,0,0
1,9.9522972,15,57,0,0,0
0,10.881145,8,60,0,0,0
1,10.945509,11,44,0,1,0
0,10.723123,8,26,1,2,0
1,10.778036,12,59,0,0,0
0,10.410974,12,21,1,0,0
1,10.331526,9,50,0,0,0
0,11.038619,9,45,0,0,0
0,10.427884,8,44,0,1,0
0,9.9035082,8,24,1,0,0
0,10.415019,10,31,0,1,0
0,11.552967,7,47,0,1,0
0,10.726891,7,49,0,1,0
1,10.719912,3,45,0,4,0
1,10.635413,9,36,0,3,0
1,10.607927,8,43,0,1,0
1,10.89815,8,57,0,0,0
0,10.564245,10,28,0,1,0
0,11.0089,12,43,1,0,0
0,10.966264,11,57,0,1,0
0,11.094889,8,51,0,0,0
0,10.949635,12,27,1,0,0
0,11.142022,14,32,3,0,0
1,10.955511,12,38,0,1,0
0,9.9996185,11,61,0,0,0
1,10.883356,11,33,2,0,0
1,10.725962,11,44,0,0,0
0,10.379433,8,42,0,0,0
1,10.517781,8,59,0,0,0
0,10.960598,8,34,0,1,0
0,11.017487,13,26,1,1,0
0,10.630611,11,31,1,1,0
0,10.879928,9,41,0,1,0
0,10.556337,11,56,0,0,0
0,10.873372,12,36,0,2,0
0,10.974541,12,47,0,0,0
0,11.213668,12,38,0,3,0
0,10.565516,9,39,1,2,0
0,10.757045,8,52,0,1,0
1,10.218074,4,43,0,0,0
1,10.771807,11,49,0,0,0
0,10.645901,16,31,1,2,0
1,10.609652,11,38,0,2,0
0,10.497103,4,49,0,0,0
1,11.286425,11,36,0,2,0
1,10.713582,10,28,1,1,0
0,11.080241,12,31,2,0,0
1,10.765547,12,39,0,2,0
0,11.787341,14,38,0,2,0
0,11.404879,13,54,0,0,0
1,10.593832,12,45,0,1,0
1,10.56617,8,27,0,0,0
1,11.153773,9,43,0,0,0
0,10.644508,8,61,0,0,0
1,10.962912,15,30,1,1,0
1,10.952085,10,26,1,2,0
1,11.006509,12,51,0,0,0
0,10.50368,9,59,0,0,0
0,10.522554,14,58,0,0,0
1,10.443773,11,31,0,0,0
0,10.363842,4,59,0,0,0
0,10.868344,9,41,0,1,0
0,10.708355,10,25,1,0,0
1,10.959935,11,45,0,4,0
0,10.545824,12,23,0,0,0
1,10.635506,10,42,0,2,0
0,10.674844,8,33,0,2,0
0,10.600635,8,46,0,1,0
0,10.261245,4,30,2,0,0
1,10.618609,10,36,0,4,0
1,10.084304,12,25,0,0,0
1,11.232703,12,41,0,2,0
1,10.614631,10,21,0,0,0
1,10.891872,12,38,0,0,0
0,10.987128,9,34,0,3,0
1,10.901279,8,55,0,0,0
0,10.996947,11,43,0,2,0
0,10.573843,8,59,0,0,0
1,10.530697,12,38,0,2,0
1,10.750773,9,43,0,0,0
1,10.303822,8,22,0,0,0
1,11.071775,11,36,0,2,0
1,10.933235,9,28,0,1,0
0,10.765986,9,30,1,1,0
1,10.808117,11,51,0,0,0
1,11.130052,9,44,0,0,0
1,10.139643,11,20,0,0,0
1,10.446164,12,47,0,0,0
1,10.497118,7,41,0,0,0
0,10.502569,8,42,0,2,0
0,10.813208,10,31,0,0,0
1,10.819643,4,61,0,0,0
0,10.965238,8,37,0,2,0
0,10.94079,12,38,0,2,0
0,10.698575,12,28,1,1,0
0,10.557849,12,20,1,0,0
0,10.869824,8,51,0,0,0
1,10.486398,9,21,0,0,0
0,10.651588,12,22,1,0,0
1,10.741222,9,26,0,0,0
0,10.63413,9,57,0,0,0
1,10.576883,9,34,0,2,0
0,11.29929,12,28,0,0,0
1,10.480109,10,32,2,0,0
0,10.453177,14,21,1,0,0
1,10.471801,9,38,0,1,0
0,9.743722,4,61,0,0,0
0,10.639916,9,43,0,0,0
0,10.621275,12,28,3,1,0
1,10.842806,11,27,1,0,0
0,11.257013,17,34,1,0,0
1,10.245578,9,40,0,6,0
0,10.954252,9,49,0,0,0
0,10.986144,11,31,2,0,0
0,10.479591,10,26,2,0,0
1,10.616295,6,40,0,3,0
1,10.464226,8,37,0,3,0
0,10.482289,11,21,1,0,0
1,10.692477,9,33,0,3,0
1,10.110817,16,34,0,2,0
1,10.775342,12,23,0,0,0
1,10.511332,8,39,0,3,0
0,10.908272,10,52,0,1,0
0,11.270174,3,35,0,2,0
0,11.305993,12,56,0,0,0
0,11.344299,10,51,0,0,0
1,10.563152,9,43,0,1,0
1,10.758702,8,52,0,0,0
0,10.77885,10,49,0,0,0
1,10.779335,10,36,0,2,0
1,10.517219,15,23,0,0,0
0,11.410587,5,42,0,2,0
0,10.5381,8,58,0,0,0
0,10.406401,9,57,0,0,0
0,10.924246,12,34,0,2,0
0,10.549157,13,56,0,0,0
0,10.835671,10,58,0,0,0
0,10.43276,12,60,0,0,0
1,11.244346,11,49,0,0,0
1,10.714287,12,50,0,0,0
0,11.07037,12,41,0,2,0
0,11.762758,12,46,0,1,0
1,10.560963,12,28,2,0,0
1,10.706676,13,33,0,0,0
0,10.741618,12,33,0,1,0
1,10.465761,13,27,1,1,0
0,10.850747,10,51,0,0,0
1,10.507702,5,51,0,1,0
0,10.205067,9,60,0,0,0
0,10.722933,12,29,2,0,0
1,10.699512,14,28,0,2,0
1,10.935753,12,35,0,2,0
0,12.247989,16,35,1,2,0
0,10.840948,9,48,0,0,0
0,10.809457,10,32,0,2,0
1,11.275831,12,35,0,2,0
1,10.659463,5,27,1,0,0
1,10.520523,13,26,2,0,0
1,10.539925,16,36,0,1,0
0,11.121529,11,40,0,4,0
0,10.109396,7,26,2,0,0
1,10.494469,12,20,0,0,0
0,10.711324,10,39,1,3,0
0,10.446385,9,28,1,0,0
1,10.852547,14,42,0,2,0
0,10.805715,12,23,1,0,0
0,10.628192,9,24,2,0,0
0,10.49979,16,25,2,0,0
1,10.723695,12,34,0,1,0
0,10.999623,9,37,0,2,0
1,10.261038,15,49,0,0,0
1,9.8661051,9,36,0,2,0
1,10.580137,8,37,0,2,0
1,10.550487,13,28,1,1,0
1,10.627829,5,43,0,2,0
1,10.4651,5,52,0,0,0
1,10.465806,13,35,0,2,0
0,10.630966,10,55,0,0,0
0,10.434609,5,57,0,0,0
0,10.625388,9,44,0,2,0
0,10.680572,10,25,2,0,0
1,10.892263,14,38,0,3,0
1,10.230812,9,37,0,1,0
0,10.948595,8,49,0,1,0
0,10.878098,10,46,0,0,0
1,10.521214,13,27,0,1,0
1,10.143847,9,51,0,0,0
1,10.590745,11,48,0,2,0
0,10.49173,11,26,1,2,0
1,9.5552664,13,44,0,0,0
0,10.738894,11,50,0,0,0
0,10.625338,6,48,0,0,0
1,10.729806,10,41,0,2,0
1,11.3456,12,38,0,0,0
1,10.881607,13,35,0,1,0
1,10.738787,15,42,0,1,0
1,10.63154,11,45,0,2,0
1,10.513256,9,44,0,1,0
0,10.930967,12,56,0,0,0
1,11.219622,13,29,1,0,0
1,10.705048,12,46,0,1,0
0,10.673697,11,33,1,1,0
0,11.045694,14,28,1,1,0
0,10.832491,14,50,0,0,0
1,10.761609,14,27,0,0,0
1,10.724068,11,38,0,0,0
0,10.623711,5,50,0,0,0
1,10.494012,11,21,1,0,0
0,10.452885,7,24,1,1,0
0,10.09352,9,55,0,0,0
0,11.456245,11,38,0,2,0
0,10.850163,7,33,0,2,0
0,10.813476,10,60,0,0,0
0,10.763189,6,53,0,0,0
0,11.02583,11,29,1,0,0
1,10.077104,10,40,0,1,0
1,10.66022,12,39,0,2,0
1,10.801198,14,34,1,1,0
1,10.59889,4,48,0,1,0
1,10.449333,13,35,0,0,0
0,11.346352,9,30,1,0,0
0,11.659979,11,25,1,0,0
0,9.937027,9,59,0,0,0
0,11.064019,19,51,0,2,0
0,10.5383,9,39,0,2,0
0,10.69059,10,59,0,0,0
0,10.65591,8,40,0,2,0
0,9.3984985,8,36,1,0,0
0,10.649899,8,48,0,2,0
0,10.526564,11,21,1,0,0
0,10.236696,5,58,0,0,0
0,10.225496,8,60,0,0,0
0,11.047337,11,48,0,1,0
1,11.304028,13,35,0,1,0
0,10.554331,11,49,0,0,0
1,10.260208,7,44,0,1,0
0,11.383919,13,47,0,0,0
0,10.737768,8,53,0,0,0
0,10.888288,12,46,0,2,0
0,11.816648,13,54,0,2,0
0,9.9946671,11,59,0,0,0
0,10.754622,10,57,0,0,0
0,10.44249,5,42,0,0,0
0,10.009821,11,62,0,0,0
0,10.583045,4,46,0,2,0
0,10.811378,12,35,0,2,0
0,10.958915,12,32,2,0,0
0,9.9460316,12,35,0,2,0
0,10.498668,11,40,0,2,0
1,10.5957,14,25,0,0,0
0,10.525842,12,40,0,1,0
0,10.783294,10,29,0,0,0
0,11.11614,11,37,0,2,0
0,11.151357,5,53,0,1,0
0,9.8247776,9,60,0,0,0
1,9.8956861,9,42,0,3,0
0,10.655496,12,32,0,3,0
0,9.7639894,5,59,0,0,0
1,9.8789024,8,45,0,1,0
0,11.134995,8,51,0,1,0
1,10.401523,8,35,0,0,0
0,10.749253,11,28,0,0,0
0,10.333153,5,57,0,0,0
1,10.823801,7,26,1,0,0
1,10.321485,5,42,0,0,0
0,10.656044,12,31,1,1,0
0,10.657436,8,55,0,0,0
0,10.846169,15,42,0,2,0
0,11.078196,11,40,0,3,0
0,10.453034,11,47,0,0,0
0,10.654172,9,47,0,1,0
1,10.646433,13,26,1,0,0
0,11.280745,9,44,1,0,0
0,10.583034,9,23,0,1,0
0,10.871061,8,50,0,0,0
0,10.263108,12,58,0,0,0
1,11.067098,9,40,0,2,0
1,10.517282,12,33,0,2,0
1,11.172825,15,30,0,0,0
0,10.596755,12,31,1,0,0
0,11.797981,12,31,2,0,0
1,10.552378,9,33,1,1,0
0,10.794188,12,35,0,2,0
1,10.139508,11,26,0,0,0
0,10.855759,14,24,1,0,0
0,10.96235,5,61,0,0,0
0,10.757639,10,29,0,1,0
1,9.554492,8,59,0,0,0
0,10.505683,12,27,1,0,0
0,9.8559866,11,62,0,0,0
1,10.790935,12,44,0,0,0
1,10.652796,10,36,0,0,0
0,10.539981,11,40,0,2,0
0,11.339795,10,48,0,1,0
1,11.224238,16,35,0,2,0
0,11.109163,12,32,1,1,0
0,10.866395,12,32,1,0,0
0,11.186703,8,49,0,0,0
1,10.192269,11,43,0,1,0
0,12.37565,12,39,0,4,0
0,10.472476,11,27,1,1,0
0,12.281528,12,42,0,3,0
0,10.537006,12,56,0,1,0
0,10.899256,13,31,0,3,0
1,10.658714,4,37,0,2,0
0,10.441724,8,38,0,1,0
0,10.407655,8,51,0,0,0
0,10.694172,9,50,0,0,0
0,9.8861237,5,60,0,0,0
1,10.479397,9,35,0,2,0
1,11.072008,11,35,0,2,0
1,10.455375,8,45,0,2,0
0,10.657366,11,24,2,0,0
0,10.452542,8,35,1,1,0
1,10.408072,17,32,1,0,0
1,10.242023,12,33,0,2,0
0,10.594236,8,46,0,1,0
0,11.764058,5,50,0,2,0
0,10.828298,12,32,0,0,0
0,10.255769,8,58,0,0,0
0,10.703698,8,41,0,2,0
0,10.915251,6,34,0,2,0
0,10.522782,4,21,1,0,0
0,10.271325,13,56,0,0,0
0,10.226447,8,34,0,3,0
0,10.265912,10,37,0,1,0
0,11.016894,12,31,0,1,0
0,10.607904,11,22,1,0,0
0,10.711562,11,32,1,1,0
1,10.83166,8,41,0,3,0
0,10.759536,12,37,0,4,0
0,10.591802,10,29,0,0,0
1,10.616046,9,46,0,1,1
1,10.391358,7,26,2,0,1
1,10.795493,9,44,0,0,1
1,10.38051,4,48,0,0,1
1,10.564662,4,34,0,3,1
0,10.698279,12,34,1,2,1
0,10.610146,5,48,0,0,1
1,10.684275,6,28,1,2,1
1,10.626887,5,32,0,2,1
1,10.409648,4,50,0,3,1
1,10.543944,5,36,2,1,1
1,11.22967,12,50,0,0,1
0,10.503701,11,25,2,0,1
1,10.696332,11,30,3,0,1
1,10.421497,5,25,0,2,1
1,10.59306,8,32,1,1,1
1,10.531076,10,29,1,1,1
0,10.5864,7,44,0,2,1
1,10.447639,5,40,0,3,1
0,10.633358,12,52,0,0,1
1,10.619115,8,27,2,1,1
1,10.814894,8,32,0,1,1
0,10.633692,12,30,2,0,1
1,10.495332,5,40,0,1,1
1,10.69087,4,47,0,0,1
1,10.389276,4,48,0,1,1
1,10.506461,6,36,0,1,1
1,10.806028,10,38,0,1,1
1,10.605672,3,38,0,1,1
0,10.439596,11,48,0,0,1
1,10.422506,7,41,0,0,1
1,10.436939,4,39,0,2,1
0,10.630927,9,31,2,0,1
0,10.945442,7,32,0,2,1
0,10.902927,4,41,1,1,1
1,10.706151,5,36,0,2,1
1,10.56807,3,38,0,3,1
1,10.255037,3,57,0,0,1
1,10.577855,8,34,0,2,1
1,10.562634,5,42,0,3,1
1,10.89776,11,32,0,0,1
1,10.181681,5,48,0,2,1
1,10.391575,9,22,2,0,1
0,10.551271,8,31,0,2,1
1,10.573802,4,26,0,0,1
1,10.688289,11,43,0,1,1
1,10.486849,4,44,0,2,1
1,10.108172,4,45,0,1,1
1,10.638368,5,29,1,1,1
1,10.368427,4,46,0,0,1
1,10.678598,5,31,1,1,1
1,10.599005,11,21,0,0,1
1,11.165198,12,41,0,1,1
0,10.614234,8,28,1,2,1
0,10.705376,2,39,1,0,1
1,10.433034,3,45,0,1,1
0,10.321651,4,49,0,1,1
1,10.574284,10,42,0,2,1
0,9.7373934,4,59,0,0,1
1,10.599734,5,54,0,0,1
1,10.277369,7,33,0,3,1
0,10.472802,9,24,1,1,1
1,10.349497,5,35,0,0,1
1,10.559267,8,49,0,0,1
0,10.587798,5,48,1,2,1
1,10.363468,5,41,0,0,1
1,10.422002,5,37,0,2,1
1,10.472802,9,38,0,4,1
1,10.56164,7,42,0,1,1
0,11.587482,11,46,0,1,1
1,10.460904,5,33,0,2,1
0,11.600476,15,55,0,0,1
1,10.464381,5,50,0,2,1
1,10.379642,6,22,1,0,1
0,10.501483,5,40,0,2,1
0,10.506813,5,47,0,1,1
1,10.628378,10,50,0,0,1
1,10.610259,8,28,0,2,1
0,10.612646,5,39,0,3,1
1,10.696993,12,36,0,2,1
1,10.710382,4,39,0,2,1
1,10.437066,4,48,0,0,1
0,10.568229,5,29,2,0,1
1,10.558129,5,46,0,0,1
1,10.378959,5,58,0,0,1
0,10.476105,5,25,1,0,1
0,10.603369,5,29,1,2,1
1,10.49096,11,21,0,0,1
1,10.600079,5,31,0,1,1
1,10.536475,4,35,0,2,1
1,10.831383,5,30,0,2,1
1,10.461597,8,31,1,0,1
1,10.49143,12,34,1,1,1
1,10.444563,11,28,3,0,1
1,10.530988,2,41,0,2,1
0,11.254684,8,59,0,0,1
1,10.644262,9,27,1,2,1
0,11.134107,16,54,0,0,1
0,11.163557,11,40,1,1,1
1,10.748157,7,35,0,1,1
1,10.424117,5,39,0,3,1
0,10.358268,5,43,0,2,1
1,10.546735,8,36,0,2,1
1,10.167575,4,46,0,0,1
1,10.232409,4,44,0,0,1
1,10.415019,6,44,0,0,1
1,9.4397087,1,29,2,0,1
1,10.526048,10,32,1,2,1
1,10.169228,5,55,0,0,1
1,10.403554,5,34,0,2,1
1,10.375732,8,37,1,1,1
1,10.51803,5,26,0,1,1
0,11.197707,12,38,0,1,1
0,10.387608,8,45,0,1,1
0,10.592153,8,34,0,2,1
1,10.554045,6,36,0,2,1
1,10.591844,10,26,0,2,1
1,10.406093,5,40,1,1,1
0,10.680139,9,40,0,1,1
0,9.2817926,5,57,0,0,1
0,10.529899,8,25,2,0,1
1,10.524458,8,30,0,1,1
1,10.645608,7,25,1,1,1
1,10.610342,2,43,0,2,1
0,11.292684,10,46,0,1,1
0,10.5143,7,26,1,1,1
1,10.364109,4,23,1,0,1
1,10.678174,8,32,0,2,1
1,10.676672,13,34,0,2,1
1,10.451906,3,33,1,1,1
1,10.493905,6,25,0,1,1
1,10.933745,11,39,0,2,1
1,10.220448,9,32,1,0,1
1,10.279145,5,47,0,0,1
1,10.376983,9,46,0,1,1
1,10.548088,8,41,0,2,1
1,10.457786,5,25,2,1,1
1,10.507745,10,39,0,1,1
1,10.474064,3,51,0,0,1
1,10.325908,10,51,0,0,1
1,10.399045,16,49,0,0,1
1,10.339881,8,35,1,2,1
0,10.522865,7,27,1,1,1
0,10.114141,4,47,0,1,1
0,10.522161,8,30,3,0,1
0,10.414384,5,32,2,1,1
1,10.491921,8,34,0,3,1
1,10.202841,4,41,0,0,1
1,10.465267,6,26,1,2,1
0,10.60335,8,33,2,0,1
1,9.5463123,6,49,0,3,1
0,10.420614,6,41,0,3,1
1,11.002878,9,37,0,2,1
1,10.446016,3,40,0,2,1
1,10.31609,6,50,0,1,1
1,10.400943,8,29,0,2,1
0,9.7014647,4,26,1,1,1
1,10.481405,8,31,0,1,1
1,10.109776,5,32,0,1,1
1,10.656443,5,44,0,1,1
0,10.527389,8,23,1,0,1
0,10.2496,8,24,1,0,1
0,10.742908,8,27,1,1,1
1,10.440141,8,28,0,1,1
0,10.421623,4,52,0,1,1
0,10.57064,12,47,0,2,1
0,10.695252,8,42,0,2,1
1,10.364536,5,42,0,1,1
1,10.327931,4,47,0,0,1
1,10.177955,5,36,0,1,1
1,10.226662,8,41,0,0,1
0,10.417757,3,38,1,1,1
0,11.466458,13,36,0,2,1
1,10.362868,8,25,1,0,1
0,10.412528,5,47,0,1,1
1,10.417331,7,44,0,1,1
0,10.483624,2,44,0,1,1
1,10.451833,8,47,0,0,1
1,10.187326,5,20,1,0,1
0,10.541466,8,41,0,1,1
0,10.74696,7,50,0,1,1
1,10.442706,4,36,1,1,1
1,10.307899,8,20,0,0,1
0,10.50997,6,28,2,0,1
1,10.302572,7,44,0,0,1
1,10.50766,9,35,0,2,1
1,10.662906,15,46,0,1,1
1,10.656736,9,26,1,0,1
1,10.554351,8,31,0,2,1
0,10.500807,5,49,0,1,1
0,10.31735,5,55,0,0,1
1,10.728559,4,40,0,1,1
0,10.010429,6,57,0,1,1
1,10.474912,5,51,0,2,1
1,11.356841,3,56,0,0,1
1,10.483732,2,33,1,3,1
1,10.752502,5,41,0,2,1
0,10.559347,12,32,1,0,1
0,10.215829,11,25,1,0,1
1,11.574043,13,47,0,0,1
1,10.806046,16,31,2,0,1
0,10.945839,14,33,0,2,1
1,10.379906,5,28,0,2,1
1,10.775556,11,38,0,0,1
1,10.528899,9,34,1,1,1
1,10.468534,6,33,0,2,1
0,11.110955,10,35,1,1,1
0,10.471365,9,51,0,1,1
0,10.147503,5,41,1,0,1
1,10.69323,9,35,0,2,1
1,10.027595,14,42,0,0,1
0,10.597393,4,24,2,1,1
1,10.377773,8,48,0,0,1
0,10.13374,6,24,2,0,1
1,10.932351,10,41,0,1,1
0,11.220691,10,51,0,0,1
